,artist,song,duration_ms,explicit,year,popularity,danceability,energy,key,loudness,mode,speechiness,acousticness,instrumentalness,liveness,valence,tempo,genre,set(), Folk/Acoustic,hip hop,Dance/Electronic, jazz, metal,pop,R&B,latin,country,Folk/Acoustic, Dance/Electronic,World/Traditional, R&B,metal, hip hop, blues, classical, pop, country, easy listening,easy listening, latin,rock, rock,cat,cluster
0,blink-182,All The Small Things,0.14567313132837212,0.0,1999,0.8876404494382022,0.3605200945626478,0.8919605973943439,0.0,0.7706295088447476,1.0,0.0463096960926194,0.010533813779943212,0.0,0.7101623571858088,0.6908760295218741,0.5881179060146388,"rock, pop",0,0,0,0,0,0,0,0,0,0,0,0,0,0,0,0,0,0,1,0,0,0,0,1,0,0.4444444444444444,1
1,Gigi D'Agostino,The Riddle,0.46457728225550055,0.0,1999,0.7191011235955056,0.7222222222222222,0.8697171909755322,0.5454545454545454,0.6741772902460716,0.0,0.024782923299565857,0.017706086021364354,0.0015431472081218274,0.06855081178592905,0.8416942988554925,0.4440901135037658,pop,0,0,0,0,0,0,1,0,0,0,0,0,0,0,0,0,0,0,0,0,0,0,0,0,0,0.7777777777777778,1
2,Dr. Dre,The Next Episode,0.13069250375862868,1.0,1999,0.9213483146067416,0.9373522458628842,0.9046711153479504,0.9090909090909091,0.8936159699575057,0.0,0.4464544138929089,0.028771877479556975,0.0,0.07708959711365002,0.2897636110813991,0.23387610056221494,hip hop,0,0,1,0,0,0,0,0,0,0,0,0,0,0,0,0,0,0,0,0,0,0,0,0,0,0.4444444444444444,0
3,Da Brat,What'chu Like (feat. Tyrese),0.2914217046660883,1.0,2000,0.5955056179775281,0.8865248226950355,0.6631712742294249,0.9090909090909091,0.5713509240043482,0.0,0.3921852387843705,0.01739870292530345,0.0,0.05460012026458208,0.8331372339287624,0.2648973692585128,"hip hop, pop, R&B",0,0,1,0,0,0,0,0,0,0,0,0,0,1,0,0,0,0,1,0,0,0,0,0,0,0.6666666666666666,3
4,DMX,Party Up,0.4199587224434589,1.0,1999,0.797752808988764,0.45035460992907805,0.9279737315962293,1.0,0.8504792963731594,1.0,0.5857452966714906,0.07559656911283502,0.0,0.5754660252555622,0.526152529682319,0.9408945051447969,"hip hop, pop",0,0,1,0,0,0,0,0,0,0,0,0,0,0,0,0,0,0,1,0,0,0,0,0,0,0.1111111111111111,0
5,Britney Spears,Born to Make You Happy,0.3517025644894462,0.0,1999,0.651685393258427,0.5957446808510638,0.9184408431310243,1.0,0.7743848206344501,0.0,0.04015918958031839,0.11883512462540248,0.0004720812182741117,0.059530968129885745,0.6930152957535566,0.15972074891269758,pop,0,0,0,0,0,0,1,0,0,0,0,0,0,0,0,0,0,0,0,0,0,0,0,0,0,0.2222222222222222,1
6,Avant,Separated,0.3842153761592473,0.0,2000,0.6179775280898876,0.7907801418439717,0.4502700985065141,0.0,0.7387093586322759,1.0,0.00795947901591896,0.25305907657199816,0.0,0.259170174383644,0.6470210717723821,0.31970669353983244,"pop, R&B",0,0,0,0,0,0,1,0,0,0,0,0,0,1,0,0,0,0,0,0,0,0,0,0,0,0.1111111111111111,1
7,Jagged Edge,He Can't Love U,0.35310363037726394,0.0,2000,0.6179775280898876,0.6997635933806147,0.8273487977968436,0.7272727272727273,0.8173732582270975,0.0,0.3306801736613604,0.11473668334459039,0.0,0.25676488274203246,0.5026206011338111,0.43929670096531237,"hip hop, pop, R&B",0,0,1,0,0,0,0,0,0,0,0,0,0,1,0,0,0,0,1,0,0,0,0,0,0,0.2222222222222222,3
8,LeAnn Rimes,Can't Fight The Moonlight,0.276187807493547,0.0,2001,0.7303370786516854,0.5898345153664303,0.8252303781379091,0.5454545454545454,0.7003162367822907,0.0,0.047937771345875554,0.41289828652366933,0.0,0.03547805171377029,0.6288373088030805,0.2509149252148085,"pop, country",0,0,0,0,0,0,1,0,0,0,0,0,0,0,0,0,0,0,0,1,0,0,0,0,0,0.6666666666666666,1
9,P!nk,Most Girls,0.5010427163434336,0.0,2000,0.5842696629213483,0.7245862884160756,0.717190975532253,0.18181818181818182,0.7148927759660045,0.0,0.014290882778581768,0.04342380505846017,0.004527918781725889,0.09561034275405894,0.7015723606802866,0.25129282910788164,pop,0,0,0,0,0,0,1,0,0,0,0,0,0,0,0,0,0,0,0,0,0,0,0,0,0,0.7777777777777778,1
10,Red Hot Chili Peppers,Otherside,0.38360375701206534,0.0,1999,0.8764044943820225,0.3888888888888889,0.7839211947886877,0.0,0.8523075402707777,1.0,0.06186685962373373,0.0032180960936936463,0.00020507614213197972,0.0650631389055923,0.5079687667130175,0.41907552773947176,rock,0,0,0,0,0,0,0,0,0,0,0,0,0,0,0,0,0,0,0,0,0,0,0,1,0,0.1111111111111111,1
11,Céline Dion,That's the Way It Is,0.34588275234004945,0.0,1999,0.7191011235955056,0.5969267139479906,0.8803092892702045,0.8181818181818182,0.7456270382448859,1.0,0.0365412445730825,0.15777031679311723,0.0,0.11605532170775706,0.5764252861268584,0.21892569216081476,pop,0,0,0,0,0,0,1,0,0,0,0,0,0,0,0,0,0,0,0,0,0,0,0,0,0,0.2222222222222222,1
12,Fuel,Hemorrhage (In My Hands),0.33373928319313695,0.0,2000,0.550561797752809,0.21749408983451538,0.8220527486495074,0.09090909090909091,0.8212273940112659,1.0,0.031114327062228657,0.00011045299251788559,0.0003461928934010152,0.2627781118460613,0.3143651727457482,0.6100495915985997,"rock, pop, metal",0,0,0,0,0,1,0,0,0,0,0,0,0,0,0,0,0,0,1,0,0,0,0,1,0,0.2222222222222222,1
13,Savage Garden,Crash and Burn,0.45390762664827317,0.0,1999,0.6067415730337079,0.5342789598108747,0.5847897468488508,0.36363636363636365,0.5957110386401818,1.0,0.00868306801736614,0.19363167800022296,1.6243654822335024e-06,0.08021647624774506,0.18707883196063751,0.2785284289805877,pop,0,0,0,0,0,0,1,0,0,0,0,0,0,0,0,0,0,0,0,0,0,0,0,0,0,0.7777777777777778,1
14,Destiny's Child,"Independent Women, Pt. 1",0.2913489570142208,0.0,2001,0.7303370786516854,0.710401891252955,0.5794936977015147,0.5454545454545454,0.8267615377013539,0.0,0.3306801736613604,0.3708892633953455,3.7461928934010152e-06,0.1773902585688515,0.9507968766713019,0.2515049856794314,"pop, R&B",0,0,0,0,0,0,1,0,0,0,0,0,0,1,0,0,0,0,0,0,0,0,0,0,0,0.6666666666666666,1
15,Gabrielle,Rise,0.2858524677620128,0.0,2001,0.6741573033707865,0.5070921985815604,0.45132930833598134,0.7272727272727273,0.5448660934874987,1.0,0.005065123010130247,0.32273257834580354,8.964467005076143e-06,0.08238123872519544,0.6341854743822869,0.561246950249284,"pop, R&B",0,0,0,0,0,0,1,0,0,0,0,0,0,1,0,0,0,0,0,0,0,0,0,0,0,0.6666666666666666,1
16,Creed,With Arms Wide Open,0.4359470397094405,0.0,1999,0.7191011235955056,0.3321513002364066,0.51276347844508,0.0,0.5979839905128965,1.0,0.012662807525325621,0.004334921342714939,0.0009035532994923857,0.11485267588695129,0.11006524762006631,0.5226543439058025,"pop, rock, metal",0,0,0,0,0,1,1,0,0,0,0,0,0,0,0,0,0,0,0,0,0,0,0,0,1,0.7777777777777778,1
17,Missy Elliott,One Minute Man (feat. Ludacris),0.37717232571548664,1.0,2001,0.6404494382022472,0.58274231678487,0.6504607562758183,0.8181818181818182,0.597638106532266,1.0,0.5531837916063677,0.027234961999252443,3.015228426395939e-06,0.15694527961515334,0.5689378543159695,0.22422297655669884,"hip hop, pop, R&B",0,0,1,0,0,0,0,0,0,0,0,0,0,1,0,0,0,0,1,0,0,0,0,0,0,0.1111111111111111,3
18,iio,Rapture (feat.Nadia Ali),0.37878894020143017,0.0,2006,0.6067415730337079,0.6288416075650118,0.8474737845567206,0.7272727272727273,0.5984286984879928,1.0,0.0262301013024602,0.07395719260051017,0.01878172588832487,0.21346963319302467,0.6020964809070488,0.42380927124217677,Dance/Electronic,0,0,0,1,0,0,0,0,0,0,0,0,0,0,0,0,0,0,0,0,0,0,0,0,0,0.1111111111111111,1
19,Michael Jackson,You Rock My World,0.6055110387825815,0.0,2001,0.7191011235955056,0.8569739952718676,0.6546975955936871,0.36363636363636365,0.8588793359027571,0.0,0.29269175108538353,0.03891551964956688,0.00023045685279187816,0.2808177991581479,0.9807466039148572,0.23192028216824018,"pop, R&B",0,0,0,0,0,0,1,0,0,0,0,0,0,1,0,0,0,0,0,0,0,0,0,0,0,0.3333333333333333,1
20,P.O.D.,Youth of the Nation,0.38593976494425375,0.0,2001,0.7752808988764045,0.5130023640661938,0.8527698337040568,0.7272727272727273,0.6414171360806403,1.0,0.07036903039073808,0.008525577552345292,0.010761421319796955,0.4431749849669272,0.5122472991763826,0.25092818500053043,"rock, metal",0,0,0,0,0,1,0,0,0,0,0,0,0,0,0,0,0,0,0,0,0,0,0,1,0,0.1111111111111111,1
21,Jennifer Lopez,Love Don't Cost a Thing,0.29159953225954205,0.0,2001,0.7528089887640449,0.7765957446808511,0.8337040567736468,0.36363636363636365,0.7608953453898606,0.0,0.0859261939218524,0.0031053889584713146,3.5939086294416242e-06,0.5429945880938063,0.6919456626377153,0.2490055160708603,"hip hop, pop, R&B",0,0,1,0,0,0,0,0,0,0,0,0,0,1,0,0,0,0,1,0,0,0,0,0,0,0.6666666666666666,3
22,112,Peaches & Cream,0.2157991733711262,0.0,2001,0.7078651685393258,0.6477541371158393,0.49263849168520285,0.36363636363636365,0.7045656685443226,0.0,0.5622286541244574,0.0028184980688144685,0.0,0.038123872519542995,0.7807252112525405,0.9536636787949506,"hip hop, pop, R&B",0,0,1,0,0,0,0,0,0,0,0,0,0,1,0,0,0,0,1,0,0,0,0,0,0,0.0,3
23,DB Boulevard,Point Of View - Radio Edit,0.3183814455766733,0.0,2018,0.0,0.6465721040189126,0.6991844084313102,0.5454545454545454,0.6749678822017986,1.0,0.0099493487698987,0.00289022079122868,0.07573604060913705,0.05652435357787133,0.25339608514279605,0.45737641879707225,Dance/Electronic,0,0,0,1,0,0,0,0,0,0,0,0,0,0,0,0,0,0,0,0,0,0,0,0,0,0.2222222222222222,1
24,Destiny's Child,"Independent Women, Pt. 1",0.2913489570142208,0.0,2001,0.7303370786516854,0.710401891252955,0.5794936977015147,0.5454545454545454,0.8267615377013539,0.0,0.3306801736613604,0.3708892633953455,3.7461928934010152e-06,0.1773902585688515,0.9507968766713019,0.2515049856794314,"pop, R&B",0,0,0,0,0,0,1,0,0,0,0,0,0,1,0,0,0,0,0,0,0,0,0,0,0,0.6666666666666666,1
25,Musiq Soulchild,Love,0.5164167201047566,0.0,2000,0.0,0.5200945626477541,0.3496451647071285,0.09090909090909091,0.5235201106828737,0.0,0.04829956584659914,0.3503970569912851,0.0,0.07949488875526156,0.3218526045566371,0.263332714543333,"pop, R&B",0,0,0,0,0,0,1,0,0,0,0,0,0,1,0,0,0,0,0,0,0,0,0,0,0,0.7777777777777778,1
26,Gabrielle,Rise,0.2858524677620128,0.0,2001,0.6741573033707865,0.5070921985815604,0.45132930833598134,0.7272727272727273,0.5448660934874987,1.0,0.005065123010130247,0.32273257834580354,8.964467005076143e-06,0.08238123872519544,0.6341854743822869,0.561246950249284,"pop, R&B",0,0,0,0,0,0,1,0,0,0,0,0,0,1,0,0,0,0,0,0,0,0,0,0,0,0.6666666666666666,1
27,Nelly,Dilemma,0.4746380130730225,1.0,2002,0.8651685393258427,0.706855791962175,0.5265332062281538,0.18181818181818182,0.6146852455776263,0.0,0.211287988422576,0.23256687016793776,0.000166497461928934,0.2122669873722189,0.6085142796020965,0.717155510766946,"hip hop, pop, R&B",0,0,1,0,0,0,0,0,0,0,0,0,0,1,0,0,0,0,1,0,0,0,0,0,0,0.7777777777777778,3
28,Avril Lavigne,Complicated,0.3543241743141513,0.0,2002,0.8764044943820225,0.5390070921985816,0.7637962080288105,0.45454545454545453,0.7222057515564779,1.0,0.04106367583212736,0.058588037797464874,7.85786802030457e-06,0.3349368610944077,0.4159803187506685,0.1191259149252148,pop,0,0,0,0,0,0,1,0,0,0,0,0,0,0,0,0,0,0,0,0,0,0,0,0,0,0.2222222222222222,1
29,Busta Rhymes,I Know What You Want (feat. Flipmode Squad),0.5693339009446418,1.0,2002,0.7640449438202247,0.6134751773049646,0.7457896409278678,0.5454545454545454,0.800424943176203,1.0,0.5115774240231549,0.014529794028734992,0.0,0.7534576067348167,0.5133169322922237,0.1722247268484141,"hip hop, pop",0,0,1,0,0,0,0,0,0,0,0,0,0,0,0,0,0,0,1,0,0,0,0,0,0,0.3333333333333333,0
30,Aaliyah,Rock The Boat,0.4365559644991459,0.0,2019,0.0,0.6052009456264775,0.7044804575786463,0.45454545454545453,0.7562506176499654,1.0,0.01881331403762663,0.0704735175118199,0.002903553299492386,0.20625375826819003,0.4063536207080971,0.21858093773204626,"hip hop, pop, R&B",0,0,1,0,0,0,0,0,0,0,0,0,0,1,0,0,0,0,1,0,0,0,0,0,0,0.7777777777777778,3
31,Marilyn Manson,Tainted Love,0.23555689674683278,0.0,2003,0.6741573033707865,0.58274231678487,0.8697171909755322,0.7272727272727273,0.6292617847613401,1.0,0.08972503617945009,0.0010766605244693337,1.8578680203045686e-06,0.32531569452796144,0.5336399614932079,0.5436379548106502,"rock, metal",0,0,0,0,0,1,0,0,0,0,0,0,0,0,0,0,0,0,0,0,0,0,0,1,0,0.0,1
32,Britney Spears,Overprotected - Radio Edit,0.2306369999946113,0.0,2001,0.6853932584269663,0.6536643026004729,0.8887829679059422,0.0,0.9281549560233224,0.0,0.08954413892908829,0.03901798068158718,0.0,0.47444377630787726,0.8630869611723179,0.23849713588628413,pop,0,0,0,0,0,0,1,0,0,0,0,0,0,0,0,0,0,0,0,0,0,0,0,0,0,0.0,1
33,Busta Rhymes,Pass The Courvoisier Part II (feat. P. Diddy & Pharrell) - Remix,0.33841129905751377,1.0,2001,0.6179775280898876,0.6713947990543735,0.7818027751297533,0.5454545454545454,0.7814507362387587,0.0,0.54232995658466,0.08645743850698703,0.0,0.04858689116055322,0.558241523157557,0.1972260528269863,"hip hop, pop",0,0,1,0,0,0,0,0,0,0,0,0,0,0,0,0,0,0,1,0,0,0,0,0,0,0.2222222222222222,0
34,B2K,Uh Huh,0.29716876916361756,0.0,2002,0.550561797752809,0.8581560283687943,0.6631712742294249,0.18181818181818182,0.7688012649471292,1.0,0.08248914616497831,0.0902484966917382,3.756345177664975e-06,0.04533974744437764,0.9304738474703177,0.26307414872175666,"hip hop, pop, R&B",0,0,1,0,0,0,0,0,0,0,0,0,0,1,0,0,0,0,1,0,0,0,0,0,0,0.6666666666666666,3
35,Sean Paul,Gimme the Light,0.3098511098058446,1.0,2002,0.6629213483146067,0.7671394799054374,0.7479080605868023,0.18181818181818182,0.7404387785354284,1.0,0.05300289435600579,0.14445038263047796,4.6802030456852796e-05,0.027179795550210464,0.9465183442079368,0.3133884056433648,"hip hop, pop",0,0,1,0,0,0,0,0,0,0,0,0,0,0,0,0,0,0,1,0,0,0,0,0,0,0.6666666666666666,0
36,Gareth Gates,Unchained Melody,0.3251173392681047,0.0,2003,0.39325842696629215,0.28250591016548465,0.3930727677152844,0.9090909090909091,0.6159205455084494,1.0,0.008140376266280754,0.2612559591336223,5.472081218274112e-06,0.10402886349969932,0.18173066638143118,0.3082966479261695,pop,0,0,0,0,0,0,1,0,0,0,0,0,0,0,0,0,0,0,0,0,0,0,0,0,0,0.2222222222222222,1
37,Ashanti,Happy,0.4020681887990171,1.0,2002,0.6853932584269663,0.706855791962175,0.48734244253786674,0.18181818181818182,0.68984089336891,0.0,0.010311143270622289,0.24691141465078,3.7969543147208122e-06,0.12327119663259171,0.7026419937961279,0.19537631271878647,"hip hop, pop, R&B",0,0,1,0,0,0,0,0,0,0,0,0,0,1,0,0,0,0,1,0,0,0,0,0,0,0.1111111111111111,3
38,Avril Lavigne,Sk8er Boi,0.24518653036810312,0.0,2002,0.8426966292134831,0.4231678486997636,0.8951382268827455,0.0,0.7953849194584446,1.0,0.04522431259044863,4.989852259388709e-05,0.0,0.40469031870114247,0.4769494063536207,0.5961467062692267,pop,0,0,0,0,0,0,1,0,0,0,0,0,0,0,0,0,0,0,0,0,0,0,0,0,0,0.0,1
39,Britney Spears,"I'm Not a Girl, Not Yet a Woman",0.31811200982901605,0.0,2001,0.651685393258427,0.4787234042553192,0.5170003177629489,0.2727272727272727,0.6748196462100998,1.0,0.0023516642547033333,0.5932297028794009,0.0,0.10883944678292243,0.4063536207080971,0.12581547682189453,pop,0,0,0,0,0,0,1,0,0,0,0,0,0,0,0,0,0,0,0,0,0,0,0,0,0,0.2222222222222222,1
40,Cam’ron,Oh Boy,0.24708874674656334,1.0,2002,0.7528089887640449,0.7387706855791962,0.7542633195636056,0.5454545454545454,0.7376222946931514,1.0,0.2203328509406657,0.022111910398237344,0.0,0.1809981960312688,0.8449031982030163,0.15245438633711678,"hip hop, pop",0,0,1,0,0,0,0,0,0,0,0,0,0,0,0,0,0,0,1,0,0,0,0,0,0,0.0,0
41,Puddle Of Mudd,She Hates Me,0.279566531769169,1.0,2001,0.7865168539325843,0.5330969267139479,0.7341383328037284,0.36363636363636365,0.7451823302697895,1.0,0.016461649782923308,0.009560433975750343,0.0,0.8797354179194228,0.5839127179377473,0.3299167285456668,"rock, metal",0,0,0,0,0,1,0,0,0,0,0,0,0,0,0,0,0,0,0,0,0,0,0,1,0,0.6666666666666666,1
42,Outkast,The Whole World (feat. Killer Mike),0.49130530842310033,1.0,2001,0.5730337078651685,0.8096926713947991,0.844296155068319,0.18181818181818182,0.7084692163257239,1.0,0.6834298118668597,0.09813799615730145,1.3401015228426397e-06,0.00877931449188214,0.7261739223446357,0.826502333722287,"hip hop, pop",0,0,1,0,0,0,0,0,0,0,0,0,0,0,0,0,0,0,1,0,0,0,0,0,0,0.7777777777777778,0
43,Beyoncé,Crazy In Love (feat. Jay-Z),0.33176431916280924,0.0,2003,0.8539325842696629,0.6111111111111112,0.7574409490520072,0.18181818181818182,0.687716177487894,0.0,0.3668596237337193,0.0025316071791576227,0.0,0.06013229104028863,0.6876671301743502,0.2595337859340194,"pop, R&B",0,0,0,0,0,0,1,0,0,0,0,0,0,1,0,0,0,0,0,0,0,0,0,0,0,0.2222222222222222,1
44,Busta Rhymes,I Know What You Want (feat. Flipmode Squad),0.5693339009446418,1.0,2002,0.7640449438202247,0.6134751773049646,0.7457896409278678,0.5454545454545454,0.800424943176203,1.0,0.5115774240231549,0.014529794028734992,0.0,0.7534576067348167,0.5133169322922237,0.1722247268484141,"hip hop, pop",0,0,1,0,0,0,0,0,0,0,0,0,0,0,0,0,0,0,1,0,0,0,0,0,0,0.3333333333333333,0
45,50 Cent,21 Questions,0.30025919718924626,1.0,2003,0.8089887640449438,0.6111111111111112,0.8029869717190975,0.5454545454545454,0.8235991698784465,0.0,0.49891461649782926,0.3575693292327062,9.512690355329949e-05,0.025496091401082385,0.9165686169643813,0.21686379548106505,"hip hop, pop",0,0,1,0,0,0,0,0,0,0,0,0,0,0,0,0,0,0,1,0,0,0,0,0,0,0.6666666666666666,0
46,The Roots,The Seed (2.0),0.4174448869178167,1.0,2002,0.7078651685393258,0.7434988179669031,0.9555131871623769,0.6363636363636364,0.9009289455479791,1.0,0.022612156295224322,0.0399401299697699,0.0,0.13409500901984367,0.9925125681891112,0.3388007849793147,hip hop,0,0,1,0,0,0,0,0,0,0,0,0,0,0,0,0,0,0,0,0,0,0,0,0,0,0.1111111111111111,5
47,Chingy,Holidae In,0.542643595781714,1.0,2003,0.6853932584269663,0.8049645390070923,0.7796843554708188,0.6363636363636364,0.7216622195869158,1.0,0.28545586107091175,0.09147802907598183,0.0,0.07492483463619964,0.9732591721039683,0.6168982709239419,"hip hop, pop, R&B",0,0,1,0,0,0,0,0,0,0,0,0,0,1,0,0,0,0,1,0,0,0,0,0,0,0.3333333333333333,3
48,Will Young,Leave Right Now,0.27410506916415645,0.0,2003,0.6179775280898876,0.6052009456264775,0.4131977544751615,0.5454545454545454,0.5850380472378693,1.0,0.024602026049204057,0.14854882391129004,0.0,0.10402886349969932,0.36891646165365277,0.14527421236872812,pop,0,0,0,0,0,0,1,0,0,0,0,0,0,0,0,0,0,0,0,0,0,0,0,0,0,0.6666666666666666,1
49,Britney Spears,Toxic,0.2311758714899258,0.0,2003,0.9101123595505618,0.7624113475177305,0.829467217455778,0.45454545454545453,0.8202391540666073,0.0,0.16425470332850942,0.02549312445490731,0.02538071065989848,0.2651834034876729,0.947587977323778,0.550420335207383,pop,0,0,0,0,0,0,1,0,0,0,0,0,0,0,0,0,0,0,0,0,0,0,0,0,0,0.0,1
50,Kelis,Trick Me,0.25086084721376495,1.0,2003,0.7078651685393258,0.9940898345153665,0.7044804575786463,0.09090909090909091,0.8482557564976776,0.0,0.2275687409551375,0.03778844829734356,0.0003949238578680203,0.3662056524353578,0.9882340357257461,0.3126060782857749,"pop, R&B, Dance/Electronic",0,0,0,0,0,0,1,0,0,0,0,1,0,1,0,0,0,0,0,0,0,0,0,0,0,0.0,2
51,Robbie Williams,Radio,0.32493951167465096,0.0,2004,0.3707865168539326,0.5650118203309693,0.8675987713165978,0.45454545454545453,0.7463682182033798,0.0,0.021164978292329963,0.0033717876417240994,0.050152284263959394,0.2868310282621768,0.8641565942881592,0.4640659806937519,"pop, rock",0,0,0,0,0,0,1,0,0,0,0,0,0,0,0,0,0,0,0,0,0,0,0,0,1,0.2222222222222222,1
52,Kelis,Milkshake,0.18759733366384118,0.0,2003,0.7640449438202247,0.888888888888889,0.7616777883698761,0.09090909090909091,0.7138057120268801,1.0,0.03744573082489147,0.010082985239053883,0.03512690355329949,0.22188815393866507,0.771098513209969,0.351046197093455,"pop, R&B, Dance/Electronic",0,0,0,0,0,0,1,0,0,0,0,1,0,1,0,0,0,0,0,0,0,0,0,0,0,0.8888888888888888,2
53,Alicia Keys,Diary (feat. Tony! Toni! Tone! & Jermaine Paul),0.4611662256901597,0.0,2003,0.6179775280898876,0.6312056737588653,0.4343819510645059,0.7272727272727273,0.5337978061073229,0.0,0.015376266280752535,0.5686390551945285,0.0018578680203045685,0.12447384245339749,0.2576746176061611,0.45025591386443203,"pop, R&B",0,0,0,0,0,0,1,0,0,0,0,0,0,1,0,0,0,0,0,0,0,0,0,0,0,0.7777777777777778,1
54,JUVENILE,Slow Motion,0.3642771308326104,1.0,2003,0.7191011235955056,0.6903073286052009,0.7193093951911874,0.0,0.7718153967783378,0.0,0.5459479015918959,0.5614667829531074,0.0,0.056764882742032466,0.9112204513851749,0.7482032990346877,"hip hop, pop",0,0,1,0,0,0,0,0,0,0,0,0,0,0,0,0,0,0,1,0,0,0,0,0,0,0.2222222222222222,0
55,Will Young,Leave Right Now,0.27410506916415645,0.0,2003,0.6179775280898876,0.6052009456264775,0.4131977544751615,0.5454545454545454,0.5850380472378693,1.0,0.024602026049204057,0.14854882391129004,0.0,0.10402886349969932,0.36891646165365277,0.14527421236872812,pop,0,0,0,0,0,0,1,0,0,0,0,0,0,0,0,0,0,0,0,0,0,0,0,0,0,0.6666666666666666,1
56,Black Eyed Peas,Don't Phunk With My Heart,0.3415717803775334,0.0,2005,0.6966292134831461,0.6631205673758864,0.9247961021078276,0.45454545454545453,0.8772605988734063,0.0,0.06837916063675832,0.009580926182154403,0.0,0.6319903788334337,0.6053053802545727,0.46986050705420607,"hip hop, pop",0,0,1,0,0,0,0,0,0,0,0,0,0,0,0,0,0,0,1,0,0,0,0,0,0,0.2222222222222222,5
57,Bobby V.,"Slow Down - 12"" Version",0.39247627618241876,0.0,2005,0.7303370786516854,0.5189125295508273,0.717190975532253,1.0,0.7717165727838718,0.0,0.14435600578871202,0.18338557479819276,4.994923857868021e-06,0.4564040889957907,0.6288373088030805,0.8355587673703193,"hip hop, pop, R&B",0,0,1,0,0,0,0,0,0,0,0,0,0,1,0,0,0,0,1,0,0,0,0,0,0,0.1111111111111111,3
58,Black Eyed Peas,Don't Lie,0.28560189251669155,0.0,2005,0.6853932584269663,0.6300236406619386,0.7733290964940155,0.8181818181818182,0.7518035378990019,1.0,0.2945007235890015,0.16391797871433536,0.0,0.06843054720384846,0.6053053802545727,0.19800838018457628,"hip hop, pop",0,0,1,0,0,0,0,0,0,0,0,0,0,0,0,0,0,0,1,0,0,0,0,0,0,0.6666666666666666,5
59,Papa Roach,Scars,0.2565001374122313,0.0,2004,0.6741573033707865,0.38534278959810875,0.9258553119372949,1.0,0.85082518035379,1.0,0.04739507959479016,0.08963373049961638,0.0,0.24594107035478052,0.4769494063536207,0.19732550121990028,"rock, metal",0,0,0,0,0,1,0,0,0,0,0,0,0,0,0,0,0,0,0,0,0,0,0,1,0,0.0,1
60,Ryan Cabrera,True,0.24565265421155016,0.0,2004,0.6966292134831461,0.5543735224586288,0.36553331214913676,0.5454545454545454,0.5168494910564284,1.0,0.0016280752532561533,0.4702764644550385,0.0,0.15574263379434758,0.3539415980318751,0.24476901453272518,pop,0,0,0,0,0,0,1,0,0,0,0,0,0,0,0,0,0,0,0,0,0,0,0,0,0,0.0,1
61,Toby Keith,As Good As I Once Was,0.309420012609593,0.0,2005,0.7528089887640449,0.6513002364066195,0.8633619319987289,0.45454545454545453,0.7932107915801956,1.0,0.029124457308248922,0.27252667265585556,0.0,0.1052315093205051,0.6502299711199059,0.39153495279516287,country,0,0,0,0,0,0,0,0,0,1,0,0,0,0,0,0,0,0,0,0,0,0,0,0,0,0.6666666666666666,1
62,Bob Sinclar,Rock This Party - Everybody Dance Now,0.35691075749166096,0.0,2006,0.7752808988764045,0.9030732860520095,0.8135790700137697,0.45454545454545453,0.8304180254965905,0.0,0.17872648335745298,0.07313750434434776,0.0,0.035357787131689716,0.9240560487752701,0.4507664156147236,"pop, Dance/Electronic",0,0,0,0,0,0,1,0,0,0,0,1,0,0,0,0,0,0,0,0,0,0,0,0,0,0.2222222222222222,2
63,Evanescence,Call Me When You're Sober,0.27403232151228896,0.0,2006,0.7303370786516854,0.3794326241134752,0.8771316597818027,0.6363636363636364,0.8113449945646802,1.0,0.052821997105644,0.0019578253998439312,0.0,0.32651834034876726,0.31008664028238314,0.2213787525193593,metal,0,0,0,0,0,0,0,0,0,0,0,0,0,0,1,0,0,0,0,0,0,0,0,0,0,0.6666666666666666,9
64,Fall Out Boy,"Dance, Dance",0.18123865001912995,0.0,2005,0.8314606741573034,0.58274231678487,0.9597500264802457,1.0,0.855618144085384,0.0,0.2366136034732272,0.005339039456513899,0.0,0.07684906794948888,0.4395122472991764,0.3608849580990771,rock,0,0,0,0,0,0,0,0,0,0,0,0,0,0,0,0,0,0,0,0,0,0,0,1,0,0.8888888888888888,1
65,Leona Lewis,A Moment Like This,0.38877692336708464,0.0,2007,0.6404494382022472,0.15602836879432624,0.537125304522826,0.7272727272727273,0.8324439173831407,1.0,0.012481910274963821,0.43339049292772974,7.65482233502538e-06,0.13168971737823212,0.13787570863193926,0.06977299246844176,"pop, R&B",0,0,0,0,0,0,1,0,0,0,0,0,0,1,0,0,0,0,0,0,0,0,0,0,0,0.1111111111111111,1
66,Fort Minor,Where'd You Go (feat. Holly Brook & Jonah Matranga),0.32026749581027414,1.0,2005,0.47191011235955055,0.6560283687943264,0.8093422306959008,0.09090909090909091,0.8501334123925288,0.0,0.3885672937771346,0.26842823137504346,0.002,0.1100420926037282,0.22665525724676439,0.7954545454545454,"hip hop, pop, rock",0,0,1,0,0,0,0,0,0,0,0,0,0,0,0,0,0,0,1,0,0,0,0,0,1,0.2222222222222222,0
67,KT Tunstall,Black Horse And The Cherry Tree,0.1599720864565427,0.0,2005,0.7191011235955056,0.7316784869976359,0.7743883063234828,0.36363636363636365,0.6288170767862437,0.0,0.07398697539797397,0.3360525125084428,0.0,0.3830426939266386,0.9401005455128891,0.2971120186697783,"World/Traditional, pop, Folk/Acoustic",0,1,0,0,0,0,0,0,0,0,0,0,1,0,0,0,0,0,1,0,0,0,0,0,0,0.8888888888888888,6
68,Akon,Smack That,0.2677113588722497,1.0,2006,0.651685393258427,0.958628841607565,0.7288422836563924,0.45454545454545453,0.7583753335309813,0.0,0.04395803183791607,0.32478179898620957,0.0,0.08346361996392061,0.9561450422505081,0.39095815211626184,pop,0,0,0,0,0,0,1,0,0,0,0,0,0,0,0,0,0,0,0,0,0,0,0,0,0,0.6666666666666666,1
69,Soulja Boy,Crank That (Soulja Boy),0.29350444299547884,0.0,2007,0.8314606741573034,0.7174940898345153,0.7256646541679906,0.0,0.9059195572685048,1.0,0.10021707670043417,0.5276546423864076,0.0,0.030426939266386052,0.8181623703069848,0.5312002758035429,"hip hop, pop",0,0,1,0,0,0,0,0,0,0,0,0,0,0,0,0,0,0,1,0,0,0,0,0,0,0.6666666666666666,5
70,Keyshia Cole,Last Night,0.384500978051764,0.0,2007,0.6741573033707865,0.9326241134751774,0.8495922042156551,0.2727272727272727,0.7649965411601937,0.0,0.07073082489146167,0.1700656406355535,0.00030456852791878173,0.07696933253156946,0.9989303668841587,0.4043372759096213,"hip hop, pop, R&B",0,0,1,0,0,0,0,0,0,0,0,0,0,1,0,0,0,0,1,0,0,0,0,0,0,0.1111111111111111,3
71,My Chemical Romance,Teenagers,0.13180796775392972,0.0,2006,0.898876404494382,0.3947990543735225,0.8495922042156551,0.36363636363636365,0.8622887637118293,1.0,0.07235890014471782,0.05182560968412494,0.0,0.19542994588093807,0.8748529254465718,0.3422881086241647,rock,0,0,0,0,0,0,0,0,0,0,0,0,0,0,0,0,0,0,0,0,0,0,0,1,0,0.4444444444444444,1
72,Justin Timberlake,LoveStoned / I Think She Knows (Interlude),0.8927295457852166,1.0,2006,0.6404494382022472,0.8628841607565012,0.6631712742294249,0.09090909090909091,0.7049609645221859,1.0,0.05734442836468886,0.34834783635087907,0.0001634517766497462,0.23030667468430546,0.8705743929832067,0.40590856051766205,pop,0,0,0,0,0,0,1,0,0,0,0,0,0,0,0,0,0,0,0,0,0,0,0,0,0,1.0,1
73,Kaiser Chiefs,Ruby,0.24572540186341763,0.0,2007,0.7528089887640449,0.3806146572104019,0.9364474102319669,0.45454545454545453,0.8742958790394307,0.0,0.05065123010130247,0.006875954936818429,4.923857868020305e-06,0.06722790138304269,0.43844261418333513,0.22141853187652488,rock,0,0,0,0,0,0,0,0,0,0,0,0,0,0,0,0,0,0,0,0,0,0,0,1,0,0.0,1
74,Take That,Rule The World - Radio Edit,0.3361480387771928,0.0,2007,0.651685393258427,0.2695035460992908,0.7616777883698761,0.18181818181818182,0.8048226109299338,1.0,0.019536903039073815,0.03850567552148568,0.0,0.3926638604930847,0.33147930259920844,0.6897409037869948,pop,0,0,0,0,0,0,1,0,0,0,0,0,0,0,0,0,0,0,0,0,0,0,0,0,0,0.2222222222222222,1
75,Eric Prydz,Pjanoo - Radio Edit,0.11971569139907207,0.0,2008,0.7303370786516854,0.5626477541371159,0.8675987713165978,0.6363636363636364,0.7690977369305267,0.0,0.011396526772793054,0.0005571830921264025,0.8243654822335026,0.10883944678292243,0.8534602631297464,0.4373806619285033,"pop, Dance/Electronic",0,0,0,0,0,0,1,0,0,0,0,1,0,0,0,0,0,0,0,0,0,0,0,0,0,0.4444444444444444,8
76,Soulja Boy,Crank That (Soulja Boy),0.29350444299547884,0.0,2007,0.8314606741573034,0.7174940898345153,0.7256646541679906,0.0,0.9059195572685048,1.0,0.10021707670043417,0.5276546423864076,0.0,0.030426939266386052,0.8181623703069848,0.5312002758035429,"hip hop, pop",0,0,1,0,0,0,0,0,0,0,0,0,0,0,0,0,0,0,1,0,0,0,0,0,0,0.6666666666666666,5
77,Alesha Dixon,The Boy Does Nothing,0.2631848383116078,0.0,2008,0.5730337078651685,0.5945626477541371,0.9714013346043852,0.2727272727272727,0.8939124419409034,0.0,0.17691751085383503,0.12395817622641757,7.857868020304568e-05,0.012266987372218882,0.8630869611723179,0.17888113928078925,pop,0,0,0,0,0,0,1,0,0,0,0,0,0,0,0,0,0,0,0,0,0,0,0,0,0,0.6666666666666666,1
78,Alexandra Burke,Hallelujah,0.28243871683919536,0.0,2009,0.7078651685393258,0.056737588652482254,0.39201355788581715,0.18181818181818182,0.7067397964225713,0.0,0.010672937771345882,0.6700754768946274,0.0,0.20865904990980158,0.060006417798695054,0.8125066298928609,pop,0,0,0,0,0,0,1,0,0,0,0,0,0,0,0,0,0,0,0,0,0,0,0,0,0,0.6666666666666666,1
79,Coldplay,Viva La Vida,0.34857710981662204,0.0,2008,0.898876404494382,0.4219858156028369,0.595381845143523,0.45454545454545453,0.6620713509240043,0.0,0.0099493487698987,0.09772815202922025,3.2791878172588834e-06,0.1052315093205051,0.4052839875922558,0.5171051235812029,"rock, pop",0,0,0,0,0,0,0,0,0,0,0,0,0,0,0,0,0,0,1,0,0,0,0,1,0,0.2222222222222222,1
80,Kanye West,Good Life,0.2532696027978208,1.0,2007,0.5056179775280899,0.36643026004728135,0.7976909225717616,0.09090909090909091,0.6736337582765095,1.0,0.5839363241678727,0.0031053889584713146,0.0,0.50210463018641,0.4801583057011445,0.1521096319083484,hip hop,0,0,1,0,0,0,0,0,0,0,0,0,0,0,0,0,0,0,0,0,0,0,0,0,0,0.0,0
81,Gavin DeGraw,In Love With a Girl,0.25057524532124825,0.0,2008,0.5730337078651685,0.36524822695035464,0.9014934858595488,0.2727272727272727,0.776460124518233,1.0,0.03726483357452967,0.01955038459772979,0.0,0.4227300060132291,0.6908760295218741,0.6754932640288533,"pop, Folk/Acoustic",0,1,0,0,0,0,1,0,0,0,0,0,0,0,0,0,0,0,0,0,0,0,0,0,0,0.0,1
82,John Legend,Green Light (feat. André 3000),0.46123627898455055,0.0,2008,0.6179775280898876,0.58274231678487,0.8760724499523356,0.8181818181818182,0.7374246467042198,0.0,0.17329956584659914,0.09342478868436757,0.0,0.2339146121467228,0.7743074125574928,0.11593693645910684,"pop, R&B",0,0,0,0,0,0,1,0,0,0,0,0,0,1,0,0,0,0,0,0,0,0,0,0,0,0.7777777777777778,1
83,Fergie,Clumsy,0.34333119580973526,0.0,2006,0.651685393258427,0.7115839243498818,0.5381845143522932,0.18181818181818182,0.8137167704318609,1.0,0.1950072358900145,0.19568089864062901,0.00042639593908629444,0.33012627781118453,0.4427211466467002,0.8220404158268801,"pop, R&B",0,0,0,0,0,0,1,0,0,0,0,0,0,1,0,0,0,0,0,0,0,0,0,0,0,0.2222222222222222,1
84,T-Pain,Can't Believe It (feat. Lil' Wayne),0.4333227355272588,0.0,2008,0.0,0.6134751773049646,0.48840165236733396,0.9090909090909091,0.5754027077774484,0.0,0.04667149059334299,0.0018143799550155084,0.0,0.06698737221888154,0.04011124184404749,0.19763047629150315,"hip hop, pop, R&B",0,0,1,0,0,0,0,0,0,0,0,0,0,1,0,0,0,0,1,0,0,0,0,0,0,0.1111111111111111,3
85,Beyoncé,Sweet Dreams,0.25614178786784714,0.0,2008,0.5393258426966292,0.6678486997635933,0.8156974896727042,0.09090909090909091,0.7178574957999801,1.0,0.15882778581765558,0.09168295114002242,1.888324873096447e-05,0.048466626578472644,0.8021178735693658,0.4105892648774796,"pop, R&B",0,0,0,0,0,0,1,0,0,0,0,0,0,1,0,0,0,0,0,0,0,0,0,0,0,0.0,1
86,Lady Gaga,Bad Romance,0.48922257009370973,1.0,2009,0.898876404494382,0.6702127659574467,0.9173816333015571,0.0,0.8280956616266429,1.0,0.02369753979739508,0.0031976038872895862,5.319796954314721e-05,0.07540589296452195,0.722965022997112,0.39104434072345395,pop,0,0,0,0,0,0,1,0,0,0,0,0,0,0,0,0,0,0,0,0,0,0,0,0,0,0.7777777777777778,1
87,Dizzee Rascal,Bonkers,0.17398274533472002,0.0,2011,0.42696629213483145,0.5851063829787234,0.9766973837517212,1.0,0.8486016404783081,0.0,0.3560057887120116,0.006281680951100678,0.0,0.2784125075165364,0.750775484008985,0.43828895725045086,"hip hop, pop, Dance/Electronic",0,0,1,0,0,0,0,0,0,0,0,1,0,0,0,0,0,0,1,0,0,0,0,0,0,0.8888888888888888,5
88,Rihanna,Russian Roulette,0.30859284486428523,1.0,2009,0.7191011235955056,0.4148936170212766,0.4566253574833174,0.5454545454545454,0.7293210791580196,0.0,0.038892908827785816,0.04711240221119104,0.0,0.10282621767889355,0.2426997539843834,0.13281001379017718,"hip hop, pop, R&B",0,0,1,0,0,0,0,0,0,0,0,0,0,1,0,0,0,0,1,0,0,0,0,0,0,0.6666666666666666,3
89,Jay Sean,Down,0.2670269920732003,0.0,2009,0.033707865168539325,0.624113475177305,0.6780002118419659,0.18181818181818182,0.791629607668742,1.0,0.016099855282199708,0.011046118940044723,0.0,0.07300060132291039,0.6898063964060328,0.039633499522647726,"hip hop, pop, R&B",0,0,1,0,0,0,0,0,0,0,0,0,0,1,0,0,0,0,1,0,0,0,0,0,0,0.6666666666666666,3
90,Eminem,Crack A Bottle,0.4971628415771691,1.0,2009,0.7865168539325843,0.45744680851063835,0.8675987713165978,0.8181818181818182,0.8865994663504297,1.0,0.2945007235890015,0.08850665914739307,0.0,0.18220084185207455,0.3774735265803829,0.7262517237721439,hip hop,0,0,1,0,0,0,0,0,0,0,0,0,0,0,0,0,0,0,0,0,0,0,0,0,0,0.7777777777777778,0
91,Sean Kingston,Fire Burning,0.34214567852004335,0.0,2009,0.797752808988764,0.8392434988179669,0.7934540832538927,0.09090909090909091,0.8894653621899397,1.0,0.01754703328509407,0.01965284562975009,0.0,0.37221888153938665,0.9090811851534923,0.4173782751670733,"hip hop, pop, R&B",0,0,1,0,0,0,0,0,0,0,0,0,0,1,0,0,0,0,1,0,0,0,0,0,0,0.2222222222222222,3
92,JLS,Everybody in Love,0.22251620656022159,0.0,2013,0.43820224719101125,0.6808510638297872,0.771210676835081,0.45454545454545453,0.7185986757584741,0.0,0.01718523878437048,0.07201043299212444,0.0,0.407095610342754,0.6609263022783186,0.5304113185530921,pop,0,0,0,0,0,0,1,0,0,0,0,0,0,0,0,0,0,0,0,0,0,0,0,0,0,0.0,1
93,Jason Aldean,Big Green Tractor,0.24572540186341763,0.0,2009,0.5617977528089888,0.5756501182033097,0.5731384387247114,0.36363636363636365,0.7648483051684949,1.0,0.010311143270622289,0.6700754768946274,0.0,0.23631990378833434,0.5796341854743823,0.5108862840776492,country,0,0,0,0,0,0,0,0,0,1,0,0,0,0,0,0,0,0,0,0,0,0,0,0,0,0.0,1
94,The Fray,You Found Me,0.3471760439288043,0.0,2009,0.8202247191011236,0.24704491725768324,0.7923948734244255,0.7272727272727273,0.7462199822116811,0.0,0.032742402315484816,0.019140540469648585,0.0,0.137702946482261,0.38710022462295435,0.6097843958841624,pop,0,0,0,0,0,0,1,0,0,0,0,0,0,0,0,0,0,0,0,0,0,0,0,0,0,0.2222222222222222,1
95,Lady Gaga,Bad Romance,0.48922257009370973,1.0,2009,0.898876404494382,0.6702127659574467,0.9173816333015571,0.0,0.8280956616266429,1.0,0.02369753979739508,0.0031976038872895862,5.319796954314721e-05,0.07540589296452195,0.722965022997112,0.39104434072345395,pop,0,0,0,0,0,0,1,0,0,0,0,0,0,0,0,0,0,0,0,0,0,0,0,0,0,0.7777777777777778,1
96,Stromae,Alors on danse - Radio Edit,0.25075307291470206,0.0,2010,0.8651685393258427,0.7825059101654847,0.566783179747908,0.09090909090909091,0.5587508647099516,0.0,0.10148335745296672,0.10182659331003234,0.0020609137055837565,0.052315093205051115,0.722965022997112,0.3973427389413387,pop,0,0,0,0,0,0,1,0,0,0,0,0,0,0,0,0,0,0,0,0,0,0,0,0,0,0.0,1
97,David Guetta,Memories (feat. Kid Cudi),0.2636509621550549,0.0,2010,0.8539325842696629,0.49290780141843976,0.912085584154221,0.7272727272727273,0.8193497381164148,1.0,0.4193198263386397,0.0014557663429444515,4.406091370558376e-06,0.2760072158749248,0.36035939672692263,0.4638538241222022,"hip hop, pop, Dance/Electronic",0,0,1,0,0,0,0,0,0,0,0,1,0,0,0,0,0,0,1,0,0,0,0,0,0,0.6666666666666666,5
98,Rihanna,Te Amo,0.25711175655941326,1.0,2009,0.7528089887640449,0.5177304964539007,0.6907107297955725,0.7272727272727273,0.744095266330665,0.0,0.10600578871201158,0.5542945107116862,0.0001786802030456853,0.09440769693325317,0.7625414482832389,0.7418717513524982,"hip hop, pop, R&B",0,0,1,0,0,0,0,0,0,0,0,0,0,1,0,0,0,0,1,0,0,0,0,0,0,0.0,3
99,Edward Maya,Stereo Love - Radio Edit,0.19284324767072797,0.0,2010,0.7415730337078652,0.7919621749408984,0.771210676835081,0.09090909090909091,0.8211285700168001,0.0,0.016280752532561508,0.03543184456087661,0.018883248730964464,0.06518340348767289,0.5860519841694298,0.44434867932534206,pop,0,0,0,0,0,0,1,0,0,0,0,0,0,0,0,0,0,0,0,0,0,0,0,0,0,0.8888888888888888,1
100,Edward Maya,Stereo Love - Radio Edit,0.19284324767072797,0.0,2010,0.7415730337078652,0.7919621749408984,0.771210676835081,0.09090909090909091,0.8211285700168001,0.0,0.016280752532561508,0.03543184456087661,0.018883248730964464,0.06518340348767289,0.5860519841694298,0.44434867932534206,pop,0,0,0,0,0,0,1,0,0,0,0,0,0,0,0,0,0,0,0,0,0,0,0,0,0,0.8888888888888888,1
101,Lady Gaga,Alejandro,0.4343654518706924,0.0,2009,0.7528089887640449,0.5839243498817968,0.7818027751297533,1.0,0.6860361695819746,0.0,0.04160636758321274,0.0003870977789727011,0.0015228426395939086,0.4251352976548406,0.34431489998930365,0.25842659382624383,pop,0,0,0,0,0,0,1,0,0,0,0,0,0,0,0,0,0,0,0,0,0,0,0,0,0,0.1111111111111111,1
102,Jay Sean,Down,0.2670269920732003,0.0,2009,0.033707865168539325,0.624113475177305,0.6780002118419659,0.18181818181818182,0.791629607668742,1.0,0.016099855282199708,0.011046118940044723,0.0,0.07300060132291039,0.6898063964060328,0.039633499522647726,"hip hop, pop, R&B",0,0,1,0,0,0,0,0,0,0,0,0,0,1,0,0,0,0,1,0,0,0,0,0,0,0.6666666666666666,3
103,Ludacris,How Low,0.23868235141965696,1.0,2010,0.7078651685393258,0.7754137115839244,0.469335875436924,0.09090909090909091,0.6688902065421484,1.0,0.054450072358900155,0.0025213610759555927,1.2487309644670051e-06,0.24353577871316898,0.4063536207080971,0.5565198366394399,"hip hop, pop",0,0,1,0,0,0,0,0,0,0,0,0,0,0,0,0,0,0,1,0,0,0,0,0,0,0.0,0
104,The Saturdays,Higher,0.2549212439309598,0.0,2010,0.6853932584269663,0.6028368794326241,0.8548882533629912,0.9090909090909091,0.8509734163454887,1.0,0.0197178002894356,0.050186233171800106,6.913705583756345e-06,0.2916416115453999,0.5967483153278426,0.37785085393020046,"pop, Dance/Electronic",0,0,0,0,0,0,1,0,0,0,0,1,0,0,0,0,0,0,0,0,0,0,0,0,0,0.0,2
105,Scouting For Girls,This Ain't a Love Song,0.2631848383116078,0.0,2017,0.5842696629213483,0.3888888888888889,0.9004342760300816,0.0,0.8082320387390058,1.0,0.039616497829233,0.00042193452985960384,0.0,0.4287432351172579,0.5507540913466682,0.7733637424419222,"pop, rock",0,0,0,0,0,0,1,0,0,0,0,0,0,0,0,0,0,0,0,0,0,0,0,0,1,0.6666666666666666,1
106,Taylor Swift,Back To December,0.485054399077452,0.0,2010,0.7303370786516854,0.4728132387706856,0.6515199661052855,0.18181818181818182,0.7832295681391441,1.0,0.012843704775687415,0.1198597349456055,0.0,0.375826819001804,0.26516204941704996,0.5428158480958948,pop,0,0,0,0,0,0,1,0,0,0,0,0,0,0,0,0,0,0,0,0,0,0,0,0,0,0.7777777777777778,1
107,The Band Perry,If I Die Young,0.2957677032757998,0.0,2010,0.7191011235955056,0.5638297872340425,0.4682766656074568,0.36363636363636365,0.6869749975294,1.0,0.008140376266280754,0.35654471891250317,0.0,0.3048707155742634,0.3464541662209862,0.4688660231250663,country,0,0,0,0,0,0,0,0,0,1,0,0,0,0,0,0,0,0,0,0,0,0,0,0,0,0.6666666666666666,1
108,Kesha,Blow,0.28822350234139665,0.0,2010,0.7752808988764045,0.7375886524822696,0.7140133460438512,1.0,0.8228085779227197,0.0,0.028943560057887122,0.0034025259513301904,5.7461928934010156e-05,0.06193625977149729,0.8277890683495561,0.3977537922987165,"pop, Dance/Electronic",0,0,0,0,0,0,1,0,0,0,0,1,0,0,0,0,0,0,0,0,0,0,0,0,0,0.6666666666666666,2
109,Katy Perry,E.T.,0.31408933411649326,0.0,2012,0.7303370786516854,0.5803782505910166,0.8623027221692617,0.09090909090909091,0.7541259017689496,1.0,0.27460202604920403,0.01852577427752677,0.0,0.417919422730006,0.7721681463258103,0.6077291290972737,pop,0,0,0,0,0,0,1,0,0,0,0,0,0,0,0,0,0,0,0,0,0,0,0,0,0,0.2222222222222222,1
110,Edward Maya,Stereo Love - Radio Edit,0.19284324767072797,0.0,2010,0.7415730337078652,0.7919621749408984,0.771210676835081,0.09090909090909091,0.8211285700168001,0.0,0.016280752532561508,0.03543184456087661,0.018883248730964464,0.06518340348767289,0.5860519841694298,0.44434867932534206,pop,0,0,0,0,0,0,1,0,0,0,0,0,0,0,0,0,0,0,0,0,0,0,0,0,0,0.8888888888888888,1
111,Edward Maya,Stereo Love - Radio Edit,0.19284324767072797,0.0,2010,0.7415730337078652,0.7919621749408984,0.771210676835081,0.09090909090909091,0.8211285700168001,0.0,0.016280752532561508,0.03543184456087661,0.018883248730964464,0.06518340348767289,0.5860519841694298,0.44434867932534206,pop,0,0,0,0,0,0,1,0,0,0,0,0,0,0,0,0,0,0,0,0,0,0,0,0,0,0.8888888888888888,1
112,Sak Noel,Loca People - Radio Edit,0.27650574167578257,1.0,2011,0.550561797752809,0.9420803782505911,0.7976909225717616,1.0,0.8580887439470304,0.0,0.06638929088277859,0.0009178459248378656,0.003319796954314721,0.036079374624173176,0.7090597924911755,0.45069348679325355,Dance/Electronic,0,0,0,1,0,0,0,0,0,0,0,0,0,0,0,0,0,0,0,0,0,0,0,0,0,0.6666666666666666,1
113,LMFAO,Sexy And I Know It,0.23300803457399513,0.0,2011,0.7528089887640449,0.6832151300236406,0.853829043533524,0.6363636363636364,0.8048720229271668,1.0,0.5296671490593343,0.10244135950215415,0.0,0.2038484666265785,0.8096053053802547,0.46410576005091747,"hip hop, pop, Dance/Electronic",0,0,1,0,0,0,0,0,0,0,0,1,0,0,0,0,0,0,1,0,0,0,0,0,0,0.0,5
114,DJ Fresh,Louder (feat. Sian Evans) - Radio Edit,0.25266606672306857,0.0,2012,0.6179775280898876,0.21394799054373523,0.9226776824488931,0.5454545454545454,0.9577527423658464,0.0,0.041968162083936326,0.018833157373587678,0.008040609137055838,0.555021046301864,0.4865761043961921,0.5292709769810119,"pop, Dance/Electronic",0,0,0,0,0,0,1,0,0,0,0,1,0,0,0,0,0,0,0,0,0,0,0,0,0,0.0,2
115,M83,Midnight City,0.3528530551319427,0.0,2011,0.8539325842696629,0.4468085106382979,0.7140133460438512,1.0,0.746862338175709,0.0,0.029124457308248922,0.018628235309547075,1.4213197969543146e-06,0.05327720986169573,0.25018718579527227,0.298305399384746,"rock, pop, metal, Dance/Electronic",0,0,0,0,0,1,0,0,0,0,0,1,0,0,0,0,0,0,1,0,0,0,0,1,0,0.2222222222222222,1
116,The Wanted,Glad You Came,0.22884525227269054,0.0,2011,0.8651685393258427,0.7009456264775413,0.8432369452388518,0.6363636363636364,0.8222650459531573,0.0,0.07362518089725037,0.03266539669632845,0.0,0.10402886349969932,0.4427211466467002,0.44331441603903693,"pop, Dance/Electronic",0,0,0,0,0,0,1,0,0,0,0,1,0,0,0,0,0,0,0,0,0,0,0,0,0,0.0,2
117,Rizzle Kicks,Down With The Trumpets,0.19898099400236025,0.0,2011,0.6629213483146067,0.7375886524822696,0.8739540302934011,0.36363636363636365,0.781944856211088,0.0,0.10383502170767006,0.08912142533951488,0.0,0.2627781118460613,0.8085356722644134,0.36489604327994063,hip hop,0,0,1,0,0,0,0,0,0,0,0,0,0,0,0,0,0,0,0,0,0,0,0,0,0,0.8888888888888888,5
118,Jason Aldean,Dirt Road Anthem,0.31365823692024164,0.0,2010,0.5955056179775281,0.6489361702127661,0.7246054443385235,0.18181818181818182,0.7632177092598083,1.0,0.02170767004341535,0.32785562994681866,2.3959390862944163e-06,0.11365003006614552,0.6630655685100011,0.4443221597538984,country,0,0,0,0,0,0,0,0,0,1,0,0,0,0,0,0,0,0,0,0,0,0,0,0,0,0.2222222222222222,1
119,Bruno Mars,The Lazy Song,0.2050648531844611,0.0,2010,0.8426966292134831,0.7860520094562649,0.6949475691134414,0.7272727272727273,0.7604506374147644,0.0,0.08447901591895805,0.3073634235427582,0.0,0.08899579073962718,0.9807466039148572,0.7617481701495703,pop,0,0,0,0,0,0,1,0,0,0,0,0,0,0,0,0,0,0,0,0,0,0,0,0,0,0.8888888888888888,1
120,Hot Chelle Rae,Tonight Tonight,0.2356646710458957,0.0,2011,0.8202247191011236,0.6583924349881798,0.771210676835081,0.36363636363636365,0.7677142010080047,1.0,0.17329956584659914,0.07826055594536285,0.0,0.17017438364401685,0.8299283345812386,0.2649238888299565,"hip hop, pop, rock",0,0,1,0,0,0,0,0,0,0,0,0,0,0,0,0,0,0,1,0,0,0,0,0,1,0.0,5
121,Grouplove,Tongue Tied,0.2829425616873144,0.0,2011,0.8876404494382022,0.5094562647754138,0.9332697807435654,0.2727272727272727,0.7253187073821523,1.0,0.03744573082489147,0.008658776893971685,0.0,0.1677690920024053,0.3560808642635576,0.3509931579505675,"pop, rock, Folk/Acoustic",0,1,0,0,0,0,1,0,0,0,0,0,0,0,0,0,0,0,0,0,0,0,0,0,1,0.6666666666666666,1
122,The Band Perry,If I Die Young,0.2957677032757998,0.0,2010,0.7191011235955056,0.5638297872340425,0.4682766656074568,0.36363636363636365,0.6869749975294,1.0,0.008140376266280754,0.35654471891250317,0.0,0.3048707155742634,0.3464541662209862,0.4688660231250663,country,0,0,0,0,0,0,0,0,0,1,0,0,0,0,0,0,0,0,0,0,0,0,0,0,0,0.6666666666666666,1
123,Sean Paul,She Doesn't Mind,0.3092745173058581,0.0,2012,0.7865168539325843,0.6962174940898345,0.7637962080288105,0.6363636363636364,0.7563000296471983,0.0,0.08339363241678728,0.0006196843216587867,5.380710659898477e-06,0.22309079975947083,0.6245587763397155,0.39776705208443836,"hip hop, pop",0,0,1,0,0,0,0,0,0,0,0,0,0,0,0,0,0,0,1,0,0,0,0,0,0,0.6666666666666666,5
124,DEV,In The Dark,0.30507131964240486,0.0,2012,0.5842696629213483,0.7174940898345153,0.8146382798432369,0.7272727272727273,0.8045755509437692,1.0,0.07959479015918958,0.0036484324281789147,0.00093502538071066,0.3698135898977751,0.43309444860412877,0.43051209292457837,"pop, Dance/Electronic",0,0,0,0,0,0,1,0,0,0,0,1,0,0,0,0,0,0,0,0,0,0,0,0,0,0.6666666666666666,2
125,The Wanted,Chasing The Sun,0.2311758714899258,0.0,2012,0.7752808988764045,0.6004728132387707,0.717190975532253,0.6363636363636364,0.7068386204170373,0.0,0.13259768451519538,0.24998524561138907,0.0,0.5730607336139506,0.686597497058509,0.45142277500795586,"pop, Dance/Electronic",0,0,0,0,0,0,1,0,0,0,0,1,0,0,0,0,0,0,0,0,0,0,0,0,0,0.0,2
126,LMFAO,Sexy And I Know It,0.23300803457399513,0.0,2011,0.7528089887640449,0.6832151300236406,0.853829043533524,0.6363636363636364,0.8048720229271668,1.0,0.5296671490593343,0.10244135950215415,0.0,0.2038484666265785,0.8096053053802547,0.46410576005091747,"hip hop, pop, Dance/Electronic",0,0,1,0,0,0,0,0,0,0,0,1,0,0,0,0,0,0,1,0,0,0,0,0,0,0.0,5
127,PSY,Gangnam Style (강남스타일),0.2869302107526418,0.0,2012,0.8089887640449438,0.706855791962175,0.9343289905730325,1.0,0.8717758671805514,0.0,0.47539797395079597,0.004252952517098698,0.0,0.08358388454600121,0.7604021820515563,0.47767052084438316,pop,0,0,0,0,0,0,1,0,0,0,0,0,0,0,0,0,0,0,0,0,0,0,0,0,0,0.6666666666666666,1
128,Justin Bieber,As Long As You Love Me,0.3138010378665,0.0,2012,0.7528089887640449,0.5224586288416075,0.8665395614871306,0.0,0.846526336594525,0.0,0.1389290882778582,0.08307622445031707,0.0,0.4082982561635598,0.614932078297144,0.5282168240161239,pop,0,0,0,0,0,0,1,0,0,0,0,0,0,0,0,0,0,0,0,0,0,0,0,0,0,0.2222222222222222,1
129,Tyga,Faded,0.2523696874006456,1.0,2012,0.651685393258427,0.8297872340425532,0.6483423366168839,0.09090909090909091,0.5966992785848404,1.0,0.29811866859623737,0.010533813779943212,0.0,0.3950691521346963,0.3218526045566371,0.23240426434708814,"hip hop, pop",0,0,1,0,0,0,0,0,0,0,0,0,0,0,0,0,0,0,1,0,0,0,0,0,0,0.0,0
130,Gotye,Somebody That I Used To Know,0.35534264144029576,0.0,2011,0.6404494382022472,0.8676122931442081,0.5000529604914734,0.0,0.6728925783180155,1.0,0.022793053545586108,0.6219187918450855,0.00017055837563451776,0.10282621767889355,0.6801796983634614,0.45769465365439693,set(),1,0,0,0,0,0,0,0,0,0,0,0,0,0,0,0,0,0,0,0,0,0,0,0,0,0.2222222222222222,1
131,One Direction,What Makes You Beautiful,0.23437137945714084,0.0,2012,0.9213483146067416,0.7056737588652482,0.7754475161529499,0.36363636363636365,0.8904041901373654,1.0,0.09135311143270623,0.009201820363679284,0.0,0.04582080577269994,0.9090811851534923,0.4307507690675719,pop,0,0,0,0,0,0,1,0,0,0,0,0,0,0,0,0,0,0,0,0,0,0,0,0,0,0.0,1
132,Owl City,Good Time,0.2503947233703179,0.0,2012,0.8651685393258427,0.5094562647754138,0.8654803516576633,0.2727272727272727,0.8026978950489178,1.0,0.211287988422576,0.02446851413470429,7.086294416243655e-06,0.4203247143716175,0.6887367632901915,0.4377784555001592,"rock, pop",0,0,0,0,0,0,0,0,0,0,0,0,0,0,0,0,0,0,1,0,0,0,0,1,0,0.0,1
133,Disclosure,Latch,0.38429890124102106,0.0,2013,0.8314606741573034,0.44208037825059104,0.7118949263849168,0.09090909090909091,0.7440458543334322,1.0,0.2601302460202605,0.016271631573080127,9.593908629441625e-05,0.08177991581479255,0.5165258316397476,0.41082794102047315,"pop, Dance/Electronic",0,0,0,0,0,0,1,0,0,0,0,1,0,0,0,0,0,0,0,0,0,0,0,0,0,0.1111111111111111,2
134,Demi Lovato,Give Your Heart a Break,0.24881313553156978,0.0,2011,0.797752808988764,0.6170212765957447,0.6780002118419659,0.5454545454545454,0.8546299041407254,1.0,0.0461287988422576,0.23564070112854682,0.0,0.14732411304870716,0.5678682212001283,0.4176103214172059,pop,0,0,0,0,0,0,1,0,0,0,0,0,0,0,0,0,0,0,0,0,0,0,0,0,0,0.0,1
135,Macklemore & Ryan Lewis,Can't Hold Us (feat. Ray Dalton),0.3916033043600093,0.0,2012,0.9101123595505618,0.6052009456264775,0.9184408431310243,0.18181818181818182,0.7934084395691273,1.0,0.10021707670043417,0.029796487799759998,0.0,0.0778111846061335,0.8652262274040005,0.5705619497188925,"hip hop, pop",0,0,1,0,0,0,0,0,0,0,0,0,0,0,0,0,0,0,1,0,0,0,0,0,0,0.1111111111111111,5
136,Arctic Monkeys,Why'd You Only Call Me When You're High?,0.12966056484510138,0.0,2013,0.9438202247191011,0.6643026004728132,0.610210782756064,0.18181818181818182,0.6935467931613796,1.0,0.024602026049204057,0.04946900594765799,1.1472081218274112e-05,0.09921828021647623,0.814953470959461,0.21205712315688985,rock,0,0,0,0,0,0,0,0,0,0,0,0,0,0,0,0,0,0,0,0,0,0,0,1,0,0.4444444444444444,1
137,Eminem,Berzerk,0.33880467524909336,1.0,2013,0.7415730337078652,0.7210401891252955,0.8654803516576633,1.0,0.8130744144678327,0.0,0.5604196816208394,0.022214371430257646,0.0,0.2868310282621768,0.6908760295218741,0.23247719316855844,hip hop,0,0,1,0,0,0,0,0,0,0,0,0,0,0,0,0,0,0,0,0,0,0,0,0,0,0.2222222222222222,0
138,Icona Pop,I Love It (feat. Charli XCX),0.11896127130563175,1.0,2013,0.7640449438202247,0.6879432624113475,0.9014934858595488,0.7272727272727273,0.8816582666271371,1.0,0.009406657018813321,0.009734617730184856,1.66497461928934e-05,0.15814792543595912,0.8406246657396512,0.43689004985679425,"pop, Dance/Electronic",0,0,0,0,0,0,1,0,0,0,0,1,0,0,0,0,0,0,0,0,0,0,0,0,0,0.4444444444444444,2
139,Avicii,I Could Be The One (Avicii Vs. Nicky Romero) - Radio Edit,0.25681537723699027,0.0,2012,0.7640449438202247,0.44917257683215134,0.7786251456413517,0.5454545454545454,0.8267615377013539,0.0,0.02568740955137483,0.3401509537892549,6.771573604060913e-05,0.35417919422730004,0.6416729061931757,0.45034873236448497,"pop, Dance/Electronic",0,0,0,0,0,0,1,0,0,0,0,1,0,0,0,0,0,0,0,0,0,0,0,0,0,0.0,2
140,Ellie Goulding,Burn,0.3185026916631191,0.0,2014,0.7865168539325843,0.5082742316784871,0.7648554178582777,0.09090909090909091,0.7650459531574266,1.0,0.03617945007235891,0.31760952674478843,0.0,0.100420926037282,0.31115627339822444,0.1789872175665642,"pop, rock, Dance/Electronic",0,0,0,0,0,0,1,0,0,0,0,1,0,0,0,0,0,0,0,0,0,0,0,0,1,0.2222222222222222,2
141,Jason Derulo,The Other Side,0.3071190313246,0.0,2013,0.5617977528089888,0.5106382978723405,0.8273487977968436,0.8181818181818182,0.8190038541357841,1.0,0.1389290882778582,0.053772369292510676,0.0,0.137702946482261,0.5122472991763826,0.4501962448286836,"hip hop, pop",0,0,1,0,0,0,0,0,0,0,0,0,0,0,0,0,0,0,1,0,0,0,0,0,0,0.6666666666666666,5
142,Storm Queen,Look Right Through - MK Vocal Edit,0.1007689696238138,0.0,2014,0.0,0.8309692671394798,0.8051053913780319,0.0,0.6166123134697105,0.0,0.10455861070911723,0.003095142855269284,0.005614213197969543,0.2904389657245941,0.514386565408065,0.39763445422721977,Dance/Electronic,0,0,0,1,0,0,0,0,0,0,0,0,0,0,0,0,0,0,0,0,0,0,0,0,0,0.4444444444444444,1
143,Drake,Started From the Bottom,0.16467912896811499,1.0,2013,0.7303370786516854,0.7860520094562649,0.49581612117360446,0.7272727272727273,0.6267911848996935,1.0,0.24927641099855286,0.03389492908057208,0.0,0.16175586289837643,0.558241523157557,0.17428662352816382,"hip hop, pop, R&B",0,0,1,0,0,0,0,0,0,0,0,0,0,1,0,0,0,0,1,0,0,0,0,0,0,0.8888888888888888,3
144,Olly Murs,Dear Darlin',0.25158024066000984,0.0,2012,0.6629213483146067,0.4527186761229315,0.8188751191611058,1.0,0.7827848601640478,0.0,0.04015918958031839,0.006404634189525041,8.862944162436548e-06,0.11725796752856284,0.32292223767247835,0.42432640288532947,"pop, Dance/Electronic",0,0,0,0,0,0,1,0,0,0,0,1,0,0,0,0,0,0,0,0,0,0,0,0,0,0.0,2
145,Calvin Harris,Thinking About You (feat. Ayah Marar),0.3635577373863655,0.0,2012,0.7303370786516854,0.7044917257683215,0.8675987713165978,0.0,0.8300721415159601,0.0,0.02966714905933431,0.0026648065207840153,0.0004182741116751269,0.08935658448586892,0.7593325489357151,0.4506072981860614,"hip hop, pop, Dance/Electronic",0,0,1,0,0,0,0,0,0,0,0,1,0,0,0,0,0,0,1,0,0,0,0,0,0,0.2222222222222222,5
146,David Guetta,Lovers on the Sun (feat. Sam Martin),0.2438932387793483,0.0,2014,0.5617977528089888,0.6099290780141844,0.8856053384175405,0.5454545454545454,0.8898606581678031,0.0,0.02803907380607815,0.09547400932477361,3.939086294416244e-06,0.42994588093806374,0.5667985880842871,0.43025352710300213,"hip hop, pop, Dance/Electronic",0,0,1,0,0,0,0,0,0,0,0,1,0,0,0,0,0,0,1,0,0,0,0,0,0,0.0,5
147,Lilly Wood and The Prick,Prayer in C - Robin Schulz Radio Edit,0.20584621685266716,0.0,2014,0.7415730337078652,0.7458628841607565,0.8803092892702045,0.8181818181818182,0.7489870540567249,0.0,0.004703328509406661,0.022419293494298248,7.543147208121828e-06,0.7233914612146723,0.7935608086426357,0.4175705420600403,"pop, rock",0,0,0,0,0,0,1,0,0,0,0,0,0,0,0,0,0,0,0,0,0,0,0,0,1,0.8888888888888888,1
148,Lorde,Team,0.21570487085944615,0.0,2013,0.8539325842696629,0.6631205673758864,0.5540726617943015,0.5454545454545454,0.6462100998122344,1.0,0.12608538350217077,0.17109025095575653,0.0,0.34095009019843653,0.4042143544764146,0.2648111806513207,"pop, Dance/Electronic",0,0,0,0,0,0,1,0,0,0,0,1,0,0,0,0,0,0,0,0,0,0,0,0,0,0.0,2
149,Ellie Goulding,Burn,0.3185026916631191,0.0,2014,0.7865168539325843,0.5082742316784871,0.7648554178582777,0.09090909090909091,0.7650459531574266,1.0,0.03617945007235891,0.31760952674478843,0.0,0.100420926037282,0.31115627339822444,0.1789872175665642,"pop, rock, Dance/Electronic",0,0,0,0,0,0,1,0,0,0,0,1,0,0,0,0,0,0,0,0,0,0,0,0,1,0.2222222222222222,2
150,OneRepublic,Love Runs Out,0.2996826046892598,0.0,2014,0.6629213483146067,0.6973995271867612,0.9322105709140981,0.6363636363636364,0.8282438976183418,1.0,0.06458031837916064,0.17109025095575653,0.0,0.09116055321707757,0.7486362177773024,0.3978134613344649,pop,0,0,0,0,0,0,1,0,0,0,0,0,0,0,0,0,0,0,0,0,0,0,0,0,0,0.6666666666666666,1
151,Olly Murs,Up (feat. Demi Lovato),0.2998631266401901,0.0,2014,0.0,0.6631205673758864,0.8368816862620485,0.8181818181818182,0.7825872121751161,1.0,0.019356005788712015,0.019755306661770396,0.0,0.09561034275405894,0.6416729061931757,0.36417338495809903,"pop, Dance/Electronic",0,0,0,0,0,0,1,0,0,0,0,1,0,0,0,0,0,0,0,0,0,0,0,0,0,0.6666666666666666,2
152,Duke Dumont,I Got U,0.46503532302651784,0.0,2014,0.7528089887640449,0.599290780141844,0.7479080605868023,0.8181818181818182,0.6305959086866292,0.0,0.021345875542691763,0.003843108389017489,0.007959390862944163,0.07648827420324714,0.4544871109209541,0.40321682401612396,"pop, Dance/Electronic",0,0,0,0,0,0,1,0,0,0,0,1,0,0,0,0,0,0,0,0,0,0,0,0,0,0.7777777777777778,2
153,Disclosure,Latch,0.38429890124102106,0.0,2013,0.8314606741573034,0.44208037825059104,0.7118949263849168,0.09090909090909091,0.7440458543334322,1.0,0.2601302460202605,0.016271631573080127,9.593908629441625e-05,0.08177991581479255,0.5165258316397476,0.41082794102047315,"pop, Dance/Electronic",0,0,0,0,0,0,1,0,0,0,0,1,0,0,0,0,0,0,0,0,0,0,0,0,0,0.1111111111111111,2
154,5 Seconds of Summer,She Looks So Perfect,0.24113421672333799,0.0,2014,0.8314606741573034,0.4314420803782506,0.9491579281855735,0.8181818181818182,0.8042790789603717,1.0,0.19681620839363245,0.0005633307540476206,0.0,0.36740829825616356,0.43095518237244623,0.6630290654503024,pop,0,0,0,0,0,0,1,0,0,0,0,0,0,0,0,0,0,0,0,0,0,0,0,0,0,0.0,1
155,G.R.L.,Ugly Heart,0.22984485889649894,0.0,2014,0.7191011235955056,0.615839243498818,0.7743883063234828,0.8181818181818182,0.7424646704219785,1.0,0.04178726483357454,0.01944792356570949,0.0,0.36259771497294047,0.4363033479516526,0.43055187228174396,pop,0,0,0,0,0,0,1,0,0,0,0,0,0,0,0,0,0,0,0,0,0,0,0,0,0,0.0,1
156,Natalie La Rose,Somebody,0.20721225609328944,0.0,2014,0.7415730337078652,0.8286052009456264,0.49263849168520285,0.0,0.5830615673485522,1.0,0.026049204052098415,0.0007918188554528941,1.269035532994924e-05,0.05303668069753458,0.7454273184297786,0.2981529118489445,set(),1,0,0,0,0,0,0,0,0,0,0,0,0,0,0,0,0,0,0,0,0,0,0,0,0,0.8888888888888888,1
157,Wiz Khalifa,See You Again (feat. Charlie Puth),0.3139600049576178,0.0,2015,0.9101123595505618,0.6619385342789598,0.45132930833598134,0.9090909090909091,0.6428994959976282,1.0,0.1054630969609262,0.37806153563676664,1.0456852791878173e-06,0.052194828622970535,0.26195315006952613,0.132637636575793,"hip hop, pop",0,0,1,0,0,0,0,0,0,0,0,0,0,0,0,0,0,0,1,0,0,0,0,0,0,0.2222222222222222,5
158,Calvin Harris,Outside (feat. Ellie Goulding),0.30787345141804034,0.0,2014,0.8764044943820225,0.6111111111111112,0.8135790700137697,0.18181818181818182,0.8099120466449253,0.0,0.02930535455861071,0.21822232568509545,0.0,0.36139506915213465,0.4063536207080971,0.4509387928291078,"hip hop, pop, Dance/Electronic",0,0,1,0,0,0,0,0,0,0,0,1,0,0,0,0,0,0,1,0,0,0,0,0,0,0.6666666666666666,5
159,KALEO,Way down We Go,0.2871107327035722,0.0,2015,0.7078651685393258,0.5449172576832151,0.5540726617943015,0.9090909090909091,0.7271469512797707,0.0,0.053545586107091175,0.6270418434461006,0.00016446700507614215,0.07480457005411906,0.24163012086854213,0.14349740108199852,"rock, classical",0,0,0,0,0,0,0,0,0,0,0,0,0,0,0,0,0,1,0,0,0,0,0,1,0,0.6666666666666666,1
160,Jeremih,oui,0.3376568789640734,0.0,2015,0.8651685393258427,0.3416075650118203,0.7087172968965152,0.45454545454545453,0.8296274335408637,1.0,0.13241678726483358,0.21822232568509545,0.0,0.10883944678292243,0.6053053802545727,0.12266627771295217,"hip hop, pop, R&B",0,0,1,0,0,0,0,0,0,0,0,0,0,1,0,0,0,0,1,0,0,0,0,0,0,0.2222222222222222,3
161,Ariana Grande,One Last Time,0.22704272712086349,0.0,2014,0.8876404494382022,0.5898345153664303,0.5699608092363097,0.7272727272727273,0.764798893171262,1.0,0.016461649782923308,0.095269087260733,1.6751269035532996e-06,0.08959711365003008,0.07048882233393945,0.4309894452105654,pop,0,0,0,0,0,0,1,0,0,0,0,0,0,0,0,0,0,0,0,0,0,0,0,0,0,0.0,1
162,Adele,Hello,0.49172562818944565,0.0,2015,0.011235955056179775,0.40425531914893614,0.39836881686262043,0.45454545454545453,0.7107915801956716,0.0,0.0198986975397974,0.3370771228286458,0.0,0.07684906794948888,0.26837094876457374,0.6494709345496976,"pop, R&B",0,0,0,0,0,0,1,0,0,0,0,0,0,1,0,0,0,0,0,0,0,0,0,0,0,0.7777777777777778,1
163,Coldplay,Hymn for the Weekend,0.39139853319178974,0.0,2015,0.9213483146067416,0.42789598108747046,0.6758817921830315,0.0,0.6931020851862832,0.0,0.0262301013024602,0.2161731050446894,7.025380710659898e-06,0.365003006614552,0.3999358220130495,0.1989498249708285,"rock, pop",0,0,0,0,0,0,0,0,0,0,0,0,0,0,0,0,0,0,1,0,0,0,0,1,0,0.1111111111111111,1
164,David Guetta,This One's for You (feat. Zara Larsson) (Official Song UEFA EURO 2016),0.25400246803144855,0.0,2016,0.7640449438202247,0.28132387706855794,0.9110263743247538,0.8181818181818182,0.8428698487992885,0.0,0.0463096960926194,0.002234470186298747,5.898477157360406e-05,0.08298256163559832,0.34966306556851,0.3324891269757081,"hip hop, pop, Dance/Electronic",0,0,1,0,0,0,0,0,0,0,0,1,0,0,0,0,0,0,1,0,0,0,0,0,0,0.0,5
165,Astrid S,Hurts So Good,0.25792545251733817,0.0,2016,0.0,0.6418439716312058,0.5657239699184409,0.6363636363636364,0.766182429093784,0.0,0.04667149059334299,0.08399837373849978,0.0,0.08983764281419121,0.3646379291902877,0.39790627983451793,"rock, pop, Dance/Electronic",0,0,0,0,0,0,0,0,0,0,0,1,0,0,0,0,0,0,1,0,0,0,0,1,0,0.0,2
166,Lil Wayne,"Sucker for Pain (with Wiz Khalifa, Imagine Dragons, Logic & Ty Dolla $ign feat. X Ambassadors)",0.3515867071179536,1.0,2016,0.8426966292134831,0.44089834515366433,0.7743883063234828,0.8181818181818182,0.7973119873505287,0.0,0.5314761215629523,0.2612559591336223,0.0,0.7558628983764282,0.7497058508931437,0.7226715816272408,"hip hop, pop",0,0,1,0,0,0,0,0,0,0,0,0,0,0,0,0,0,0,1,0,0,0,0,0,0,0.2222222222222222,0
167,Future,Low Life (feat. The Weeknd),0.5403426144967209,1.0,2016,0.8314606741573034,0.7009456264775413,0.29244783391589874,0.7272727272727273,0.6287676647890108,1.0,0.08936324167872649,0.34527400539027,0.2862944162436548,0.1497294046903187,0.06834955610225692,0.5565264665323009,"hip hop, pop",0,0,1,0,0,0,0,0,0,0,0,0,0,0,0,0,0,0,1,0,0,0,0,0,0,0.3333333333333333,0
168,Galantis,No Money,0.20511065726156283,0.0,2016,0.7528089887640449,0.640661938534279,0.912085584154221,0.5454545454545454,0.8152979543433145,0.0,0.029848046309696095,0.028874338511577276,0.007736040609137056,0.2627781118460613,0.8181623703069848,0.437513259785722,"pop, Dance/Electronic",0,0,0,0,0,0,1,0,0,0,0,1,0,0,0,0,0,0,0,0,0,0,0,0,0,0.8888888888888888,2
169,The Chainsmokers,Don't Let Me Down,0.2569689556131549,0.0,2016,0.8876404494382022,0.47635933806146574,0.8623027221692617,1.0,0.7619329973317521,1.0,0.2691751085383502,0.1608441477537263,0.005157360406091371,0.137702946482261,0.4106321531714622,0.6615572292351756,"pop, Dance/Electronic",0,0,0,0,0,0,1,0,0,0,0,1,0,0,0,0,0,0,0,0,0,0,0,0,0,0.0,2
170,DJ Snake,Let Me Love You,0.25042975001751333,0.0,2016,0.9101123595505618,0.6146572104018913,0.7002436182607774,0.7272727272727273,0.7482458740982311,1.0,0.021164978292329963,0.08840419811537277,2.6700507614213198e-05,0.13650030066145522,0.1335971761685742,0.26499018775856586,"hip hop, pop, Dance/Electronic",0,0,1,0,0,0,0,0,0,0,0,1,0,0,0,0,0,0,1,0,0,0,0,0,0,0.0,5
171,Kevin Gates,2 Phones,0.3421833995247153,1.0,2016,0.7752808988764045,0.905437352245863,0.6631712742294249,0.6363636363636364,0.7533847218104556,0.0,0.605643994211288,0.1608441477537263,0.0,0.20144317498496694,0.5518237244625094,0.41038373819879076,"hip hop, pop",0,0,1,0,0,0,0,0,0,0,0,0,0,0,0,0,0,0,1,0,0,0,0,0,0,0.2222222222222222,0
172,Drake,Pop Style,0.2692902523535213,1.0,2016,0.7078651685393258,0.6903073286052009,0.4312043215761042,0.6363636363636364,0.5181836149817176,1.0,0.18053545586107092,0.19670550896083203,2.1928934010152287e-06,0.100420926037282,0.022783185367418975,0.48420759520526147,"hip hop, pop, R&B",0,0,1,0,0,0,0,0,0,0,0,0,0,1,0,0,0,0,1,0,0,0,0,0,0,0.6666666666666666,3
173,MØ,Final Song,0.33093715141750146,0.0,2016,0.7415730337078652,0.6690307328605201,0.65363838576422,0.09090909090909091,0.71177982014033,0.0,0.020441389290882787,0.014324871964694388,8.071065989847715e-05,0.0650631389055923,0.22130709166755805,0.2981396520632227,"pop, Dance/Electronic",0,0,0,0,0,0,1,0,0,0,0,1,0,0,0,0,0,0,0,0,0,0,0,0,0,0.2222222222222222,2
174,Beyoncé,Sorry,0.3221373798990155,1.0,2016,0.7528089887640449,0.7635933806146572,0.5752568583836458,0.18181818181818182,0.6542148433639687,1.0,0.05481186685962374,0.0017733955422073878,4.50761421319797e-06,0.2784125075165364,0.3400363675259386,0.4638869735865068,"pop, R&B",0,0,0,0,0,0,1,0,0,0,0,0,0,1,0,0,0,0,0,0,0,0,0,0,0,0.2222222222222222,1
175,Frank Ocean,Pink + White,0.19268966929456333,0.0,2016,0.8876404494382022,0.49054373522458633,0.5265332062281538,0.8181818181818182,0.6455183318509734,1.0,0.13730101302460201,0.6864692420178758,4.6395939086294416e-05,0.4732411304870715,0.5518237244625094,0.661126286199215,"hip hop, pop, R&B",0,0,1,0,0,0,0,0,0,0,0,0,0,1,0,0,0,0,1,0,0,0,0,0,0,0.8888888888888888,3
176,Clean Bandit,Rockabye (feat. Sean Paul & Anne-Marie),0.3720584352249519,0.0,2016,0.8426966292134831,0.6985815602836879,0.7500264802457367,0.8181818181818182,0.8126297064927364,0.0,0.0526410998552822,0.4159721174842784,0.0,0.19061936259771498,0.7529147502406675,0.2780974859446272,"pop, Dance/Electronic",0,0,0,0,0,0,1,0,0,0,0,1,0,0,0,0,0,0,0,0,0,0,0,0,0,0.1111111111111111,2
177,Maroon 5,Cold (feat. Future),0.3268471167680643,1.0,2017,0.0,0.6713947990543735,0.7002436182607774,0.8181818181818182,0.7029350726356359,0.0,0.16244573082489147,0.1208843452658085,0.0,0.02513529765484065,0.5004813349021285,0.26443990665110856,pop,0,0,0,0,0,0,1,0,0,0,0,0,0,0,0,0,0,0,0,0,0,0,0,0,0,0.2222222222222222,1
178,Lil Peep,Save That Shit,0.3194053014177709,1.0,2017,0.8651685393258427,0.4787234042553192,0.5593687109416375,0.18181818181818182,0.5851368712323352,1.0,0.010130246020260494,0.02682511787117124,0.0,0.48045700541190617,0.11434378008343138,0.3048292139599024,hip hop,0,0,1,0,0,0,0,0,0,0,0,0,0,0,0,0,0,0,0,0,0,0,0,0,0,0.2222222222222222,0
179,Jax Jones,You Don't Know Me - Radio Edit,0.2719846098300938,1.0,2016,0.011235955056179775,0.8829787234042553,0.6504607562758183,1.0,0.7144974799881411,0.0,0.20767004341534012,0.16699180967494442,0.0,0.19663259170174385,0.6887367632901915,0.4242335843852764,"hip hop, pop, Dance/Electronic",0,0,1,0,0,0,0,0,0,0,0,1,0,0,0,0,0,0,1,0,0,0,0,0,0,0.6666666666666666,5
180,XXXTENTACION,Jocelyn Flores,0.01652449440381952,1.0,2017,0.9325842696629213,0.8782505910165485,0.35600042368393175,0.0,0.5618144085383932,0.0,0.3958031837916064,0.48052256765706863,4.192893401015229e-06,0.33132892363199035,0.42667664990908116,0.49062533149464294,hip hop,0,0,1,0,0,0,0,0,0,0,0,0,0,0,0,0,0,0,0,0,0,0,0,0,0,0.4444444444444444,0
181,Yo Gotti,Rake It Up (feat. Nicki Minaj),0.4400774897210262,1.0,2017,0.7528089887640449,0.9231678486997636,0.41213854464569427,0.09090909090909091,0.612115821721514,0.0,0.5803183791606368,0.02252175452631855,0.0,0.13890559230306676,0.526152529682319,0.5962527845550016,"hip hop, pop",0,0,1,0,0,0,0,0,0,0,0,0,0,0,0,0,0,0,1,0,0,0,0,0,0,0.7777777777777778,0
182,Jonas Blue,Mama,0.18487064389754976,0.0,2017,0.5730337078651685,0.7210401891252955,0.780743565300286,1.0,0.8033402510129459,0.0,0.033646888567293774,0.09321986662032695,0.0,0.03619963920625376,0.5443362926516205,0.29169539620239743,"pop, Dance/Electronic",0,0,0,0,0,0,1,0,0,0,0,1,0,0,0,0,0,0,0,0,0,0,0,0,0,0.8888888888888888,2
183,Shawn Mendes,There's Nothing Holdin' Me Back,0.23290026027493224,0.0,2017,0.0,0.8605200945626478,0.7892172439360238,0.18181818181818182,0.814260302401423,1.0,0.06349493487698987,0.3903568594792029,0.0,0.08394467829224293,0.9925125681891112,0.41090086984194335,pop,0,0,0,0,0,0,1,0,0,0,0,0,0,0,0,0,0,0,0,0,0,0,0,0,0,0.0,1
184,Drake,Passionfruit,0.5009888291939021,1.0,2017,0.0,0.8037825059101655,0.43226353140557144,1.0,0.4514774187172645,1.0,0.02966714905933431,0.26228056945382533,0.08629441624365483,0.1052315093205051,0.3485934324526687,0.34449586294685486,"hip hop, pop, R&B",0,0,1,0,0,0,0,0,0,0,0,0,0,1,0,0,0,0,1,0,0,0,0,0,0,0.7777777777777778,3
185,Alessia Cara,Scars To Your Beautiful,0.31584874954869513,0.0,2016,0.8539325842696629,0.22458628841607567,0.7246054443385235,0.0,0.7300128471192805,1.0,0.4500723589001448,0.029181721607638184,0.0,0.10763680096211665,0.4395122472991764,0.889400127293943,"pop, R&B",0,0,0,0,0,0,1,0,0,0,0,0,0,1,0,0,0,0,0,0,0,0,0,0,0,0.2222222222222222,1
186,The Vamps,Middle Of The Night,0.1659724205568698,0.0,2017,0.6853932584269663,0.5425531914893617,0.7351975426331957,1.0,0.8000296471983397,0.0,0.0629522431259045,0.0037713856666032777,0.0,0.0719182200841852,0.3838913252754305,0.4645831123369045,pop,0,0,0,0,0,0,1,0,0,0,0,0,0,0,0,0,0,0,0,0,0,0,0,0,0,0.8888888888888888,1
187,Lorde,Homemade Dynamite - REMIX,0.27281447193287817,1.0,2017,0.0898876404494382,0.7706855791962175,0.5222963669102849,0.0,0.7667259610633461,0.0,0.09623733719247468,0.23461609080834378,0.0,0.12687913409500903,0.14643277355866938,0.31145247692797284,"pop, Dance/Electronic",0,0,0,0,0,0,1,0,0,0,0,1,0,0,0,0,0,0,0,0,0,0,0,0,0,0.6666666666666666,2
188,Cardi B,I Like It,0.37826084613602196,1.0,2018,0.8876404494382022,0.8120567375886525,0.7108357165554496,0.45454545454545453,0.8160885462990414,0.0,0.19138929088277862,0.10141674918195114,0.0,0.4215273601924233,0.654508503583271,0.5040641243237509,"hip hop, pop",0,0,1,0,0,0,0,0,0,0,0,0,0,0,0,0,0,0,1,0,0,0,0,0,0,0.1111111111111111,0
189,Sheck Wes,Mo Bamba,0.19104611123385407,1.0,2018,0.8651685393258427,0.7092198581560284,0.6038555237792607,0.36363636363636365,0.7534341338076885,1.0,0.015014471780028947,0.19875472960123808,0.010010152284263961,0.2723992784125075,0.23842122152101833,0.5702702344330115,hip hop,0,0,1,0,0,0,0,0,0,0,0,0,0,0,0,0,0,0,0,0,0,0,0,0,0,0.8888888888888888,0
190,Billie Eilish,lovely (with Khalid),0.2349075565949788,0.0,2018,0.9662921348314607,0.2624113475177305,0.2553754898845461,0.36363636363636365,0.5141318312086174,0.0,0.018270622286541256,0.9569663665514733,0.0,0.0883944678292243,0.08760295218739973,0.3664010289593721,"pop, Dance/Electronic",0,0,0,0,0,0,1,0,0,0,0,1,0,0,0,0,0,0,0,0,0,0,0,0,0,0.0,2
191,Migos,Walk It Talk It,0.43957633923038375,1.0,2018,0.8426966292134831,0.9196217494089836,0.6123292024149984,0.18181818181818182,0.7594129854728728,1.0,0.2908827785817656,0.08973619153163669,2.6395939086294416e-06,0.10162357185808778,0.381752059043748,0.5694746472896997,"hip hop, pop",0,0,1,0,0,0,0,0,0,0,0,0,0,0,0,0,0,0,1,0,0,0,0,0,0,0.7777777777777778,0
192,Jay Rock,"King's Dead (with Kendrick Lamar, Future & James Blake)",0.3143506867917208,1.0,2018,0.797752808988764,0.6099290780141844,0.688592310136638,0.09090909090909091,0.766182429093784,1.0,0.49891461649782926,0.0008133356721771576,0.0,0.1280817799158148,0.3614290298427639,0.5112575580778616,"hip hop, pop",0,0,1,0,0,0,0,0,0,0,0,0,0,0,0,0,0,0,1,0,0,0,0,0,0,0.2222222222222222,0
193,Rich The Kid,Plug Walk,0.16766717140963394,1.0,2018,0.8089887640449438,0.8829787234042553,0.49157928185573563,1.0,0.6909279573080345,1.0,0.21671490593342982,0.20695161216286223,0.0,0.10402886349969932,0.12824901058936786,0.23179431420388244,"hip hop, pop",0,0,1,0,0,0,0,0,0,0,0,0,0,0,0,0,0,0,1,0,0,0,0,0,0,0.8888888888888888,0
194,Maluma,Corazón (feat. Nego do Borel),0.19323931821978413,0.0,2018,0.7752808988764045,0.7009456264775413,0.7235462345090562,0.8181818181818182,0.7135586520407154,0.0,0.4048480463096961,0.3360525125084428,1.4923857868020305e-05,0.2122669873722189,0.7593325489357151,0.9152964888087408,latin,0,0,0,0,0,0,0,0,1,0,0,0,0,0,0,0,0,0,0,0,0,0,0,0,0,0.8888888888888888,7
195,Jonas Blue,Rise,0.21933955909534253,0.0,2018,0.7865168539325843,0.6595744680851064,0.7733290964940155,0.09090909090909091,0.7838719241031722,1.0,0.018270622286541256,0.3350279021882398,0.0,0.21828021647624776,0.6598566691624773,0.3051540787100881,"pop, Dance/Electronic",0,0,0,0,0,0,1,0,0,0,0,1,0,0,0,0,0,0,0,0,0,0,0,0,0,0.0,2
196,Ozuna,Vaina Loca,0.17010287056845555,0.0,2018,0.8089887640449438,0.7387706855791962,0.7945132930833598,0.5454545454545454,0.8036861349935764,1.0,0.09406657018813315,0.32273257834580354,0.0,0.21828021647624776,0.5528933575783507,0.22517105123581205,latin,0,0,0,0,0,0,0,0,1,0,0,0,0,0,0,0,0,0,0,0,0,0,0,0,0,0.8888888888888888,7
197,Migos,Stir Fry,0.20824150064934016,1.0,2018,0.8089887640449438,0.8132387706855791,0.8061646012074991,0.18181818181818182,0.7467141021840102,1.0,0.44464544138929096,0.002675052623986046,0.0,0.16536380036079376,0.5026206011338111,0.8086016229977724,"hip hop, pop",0,0,1,0,0,0,0,0,0,0,0,0,0,0,0,0,0,0,1,0,0,0,0,0,0,0.8888888888888888,0
198,Rita Ora,Anywhere,0.27499690148890193,0.0,2017,0.7078651685393258,0.5898345153664303,0.7860396144476222,1.0,0.8183120861745232,0.0,0.0658465991316932,0.03727614313724205,0.0,0.09921828021647623,0.3025992084714943,0.31101490399915144,"hip hop, pop, Dance/Electronic",0,0,1,0,0,0,0,0,0,0,0,1,0,0,0,0,0,0,1,0,0,0,0,0,0,0.6666666666666666,5
199,Camila Cabello,Never Be the Same,0.3070840046774046,0.0,2018,0.8314606741573034,0.6004728132387707,0.6970659887723758,0.0,0.7995355272260104,1.0,0.09316208393632418,0.18543479543859878,0.0006467005076142132,0.13890559230306676,0.2191678254358755,0.4634560305505463,pop,0,0,0,0,0,0,1,0,0,0,0,0,0,0,0,0,0,0,0,0,0,0,0,0,0,0.6666666666666666,1
200,Dua Lipa,IDGAF,0.2827620397363841,1.0,2017,0.8764044943820225,0.8356973995271867,0.518059527592416,0.6363636363636364,0.7184010277695424,1.0,0.1286179450072359,0.04127212338603383,0.0,0.07324113048707157,0.5047598673654936,0.24536570489020904,pop,0,0,0,0,0,0,1,0,0,0,0,0,0,0,0,0,0,0,0,0,0,0,0,0,0,0.6666666666666666,1
201,Lil Dicky,Freaky Friday (feat. Chris Brown),0.2792189596546911,1.0,2018,0.7865168539325843,0.739952718676123,0.576316068213113,0.7272727272727273,0.7645024211878644,1.0,0.3632416787264834,0.1505980445516961,0.0,0.1052315093205051,0.766819980746604,0.4846716877055266,"hip hop, pop",0,0,1,0,0,0,0,0,0,0,0,0,0,0,0,0,0,0,1,0,0,0,0,0,0,0.6666666666666666,0
202,Billie Eilish,bad guy,0.21847736470283932,0.0,2019,0.9325842696629213,0.6761229314420804,0.39201355788581715,0.6363636363636364,0.47183516157723093,1.0,0.6363965267727931,0.3360525125084428,0.1319796954314721,0.09440769693325317,0.5603807893892395,0.49796462289169396,"pop, Dance/Electronic",0,0,0,0,0,0,1,0,0,0,0,1,0,0,0,0,0,0,0,0,0,0,0,0,0,0.0,2
203,Gesaffelstein,Lost in the Fire (feat. The Weeknd),0.24004839066027925,1.0,2019,0.9438202247191011,0.6252955082742317,0.6525791759347528,0.18181818181818182,0.41031722502223533,1.0,0.02369753979739508,0.0955764703567939,0.0009411167512690356,0.11244738424533975,0.136806075516098,0.27147422297655666,Dance/Electronic,0,0,0,1,0,0,0,0,0,0,0,0,0,0,0,0,0,0,0,0,0,0,0,0,0,0.0,1
204,Halsey,Without Me,0.23888173387292333,1.0,2018,0.8651685393258427,0.7364066193853428,0.45874377714225184,0.5454545454545454,0.6652831307441446,1.0,0.0855643994211288,0.30428959258214916,9.248730964467005e-06,0.08671076368009621,0.5293614290298428,0.5040177150737244,"pop, Dance/Electronic",0,0,0,0,0,0,1,0,0,0,0,1,0,0,0,0,0,0,0,0,0,0,0,0,0,0.0,2
205,Mabel,Mad Love,0.15307453131651694,0.0,2019,0.0,0.5933806146572104,0.7923948734244255,0.0,0.8666864314655598,0.0,0.23842257597684516,0.691592293618891,0.0,0.10643415514131088,0.622419510108033,0.9152301898801315,"pop, Dance/Electronic",0,0,0,0,0,0,1,0,0,0,0,1,0,0,0,0,0,0,0,0,0,0,0,0,0,0.8888888888888888,2
206,Billie Eilish,lovely (with Khalid),0.2349075565949788,0.0,2018,0.9662921348314607,0.2624113475177305,0.2553754898845461,0.36363636363636365,0.5141318312086174,0.0,0.018270622286541256,0.9569663665514733,0.0,0.0883944678292243,0.08760295218739973,0.3664010289593721,"pop, Dance/Electronic",0,0,0,0,0,0,1,0,0,0,0,1,0,0,0,0,0,0,0,0,0,0,0,0,0,0.0,2
207,Lil Nas X,Old Town Road,0.0,0.0,2019,0.8539325842696629,0.9196217494089836,0.503230589979875,0.09090909090909091,0.7116315841486313,1.0,0.1877713458755427,0.05920280398958668,2.263959390862944e-06,0.09561034275405894,0.5015509680179698,0.5037326296807043,"hip hop, pop",0,0,1,0,0,0,0,0,0,0,0,0,0,0,0,0,0,0,1,0,0,0,0,0,0,0.4444444444444444,5
208,Drake,Money In The Grave (Drake ft. Rick Ross),0.2490286841296956,1.0,2019,0.8539325842696629,0.8297872340425532,0.4735727147547929,0.9090909090909091,0.8137661824290938,0.0,0.041244573082489154,0.10346596982235717,0.0,0.12086590499098016,0.06727992298641568,0.26865651851066086,"hip hop, pop, R&B",0,0,1,0,0,0,0,0,0,0,0,0,0,1,0,0,0,0,1,0,0,0,0,0,0,0.0,3
209,Anuel AA,China,0.5084629768339144,0.0,2019,0.8539325842696629,0.7765957446808511,0.7976909225717616,0.6363636363636364,0.830714497479988,1.0,0.11758321273516643,0.08666236057102762,0.00029340101522842637,0.07300060132291039,0.610653545833779,0.29839821788479903,latin,0,0,0,0,0,0,0,0,1,0,0,0,0,0,0,0,0,0,0,0,0,0,0,0,0,0.7777777777777778,7
210,Ed Sheeran,Take Me Back to London (feat. Stormzy),0.20674613224984237,1.0,2019,0.7415730337078652,0.8936170212765958,0.7489672704162695,0.7272727272727273,0.7412293704911552,0.0,0.3487698986975398,0.22436998760631358,0.0,0.16897173782321107,0.6063750133704139,0.5173902089742229,pop,0,0,0,0,0,0,1,0,0,0,0,0,0,0,0,0,0,0,0,0,0,0,0,0,0,0.8888888888888888,0
211,Ed Sheeran,Cross Me (feat. Chance the Rapper & PnB Rock),0.25107639581189073,1.0,2019,0.7191011235955056,0.7293144208037825,0.7754475161529499,0.36363636363636365,0.6987350528708369,1.0,0.17510853835021709,0.21924693600529846,0.0,0.05460012026458208,0.6085142796020965,0.2319534316325448,pop,0,0,0,0,0,0,1,0,0,0,0,0,0,0,0,0,0,0,0,0,0,0,0,0,0,0.0,1
212,NSG,Options,0.34240164248031774,1.0,2020,0.6404494382022472,0.8356973995271867,0.5996186844613918,0.09090909090909091,0.7821919161972526,0.0,0.11975397973950797,0.39855374204082705,9.299492385786803e-05,0.09921828021647623,0.7743074125574928,0.27828312294473323,"World/Traditional, hip hop",0,0,0,0,0,0,0,0,0,0,0,0,1,0,0,1,0,0,0,0,0,0,0,0,0,0.2222222222222222,6
213,Post Malone,Circles,0.2755788827038416,0.0,2019,0.9550561797752809,0.6690307328605201,0.7489672704162695,0.0,0.8408439569127384,1.0,0.02948625180897251,0.19670550896083203,0.0024771573604060915,0.07793144918821407,0.5507540913466682,0.3979460591916835,hip hop,0,0,1,0,0,0,0,0,0,0,0,0,0,0,0,0,0,0,0,0,0,0,0,0,0,0.6666666666666666,5
